COUNTY_ID,COUNTY,TOWN_ID,TOWN,LINF01_T,LINF01_C1,LINF01_C2,LINF01_C3,LINF01_C4,LINF01_C5,LINF01_C6,LINF01_C7,LINF01_C8,LINF02_T,LINF02_C1,LINF02_C2,LINF02_C3,LINF02_C4,LINF02_C5,LINF02_C6,LINF02_C7,LINF02_C8,LINF03_T,LINF03_C1,LINF03_C2,LINF03_C3,LINF03_C4,LINF03_C5,LINF03_C6,LINF03_C7,LINF03_C8,LINF04_T,LINF04_C1,LINF04_C2,LINF04_C3,LINF04_C4,LINF04_C5,LINF04_C6,LINF04_C7,LINF04_C8,LINF05_T,LINF05_C1,LINF05_C2,LINF05_C3,LINF05_C4,LINF05_C5,LINF05_C6,LINF05_C7,LINF05_C8,LINF06_T,LINF06_C1,LINF06_C2,LINF06_C3,LINF06_C4,LINF06_C5,LINF06_C6,LINF06_C7,LINF06_C8,LINF07_T,LINF07_C1,LINF07_C2,LINF07_C3,LINF07_C4,LINF07_C5,LINF07_C6,LINF07_C7,LINF07_C8,LINF08_T,LINF08_C1,LINF08_C2,LINF08_C3,LINF08_C4,LINF08_C5,LINF08_C6,LINF08_C7,LINF08_C8,INFO_TIME
縣市代碼,縣市名稱,鄉鎮市區代碼,鄉鎮市區名稱,不含車位_各屋齡合計棟數,不含車位_屋齡未滿5年棟數,不含車位_屋齡5至未滿10年棟數,不含車位_屋齡10至未滿20年棟數,不含車位_屋齡20至未滿30年棟數,不含車位_屋齡30至未滿40年棟數,不含車位_屋齡40至未滿50年棟數,不含車位_屋齡50年以上棟數,不含車位_屋齡不詳棟數,不含車位_各屋齡合計面積,不含車位_屋齡未滿5年面積,不含車位_屋齡5至未滿10年面積,不含車位_屋齡10至未滿20年面積,不含車位_屋齡20至未滿30年面積,不含車位_屋齡30至未滿40年面積,不含車位_屋齡40至未滿50年面積,不含車位_屋齡50年以上面積,不含車位_屋齡不詳面積,不含車位_各屋齡整體中位數房價,不含車位_屋齡未滿5年中位數房價,不含車位_屋齡5至未滿10年中位數房價,不含車位_屋齡10至未滿20年中位數房價,不含車位_屋齡20至未滿30年中位數房價,不含車位_屋齡30至未滿40年中位數房價,不含車位_屋齡40至未滿50年中位數房價,不含車位_屋齡50年以上中位數房價,不含車位_屋齡不詳中位數房價,不含車位_各屋齡整體交易單價中位數,不含車位_屋齡未滿5年交易單價中位數,不含車位_屋齡5至未滿10年交易單價中位數,不含車位_屋齡10至未滿20年交易單價中位數,不含車位_屋齡20至未滿30年交易單價中位數,不含車位_屋齡30至未滿40年交易單價中位數,不含車位_屋齡40至未滿50年交易單價中位數,不含車位_屋齡50年以上交易單價中位數,不含車位_屋齡不詳交易單價中位數,含車位_各屋齡合計棟數,含車位_屋齡未滿5年棟數,含車位_屋齡5至未滿10年棟數,含車位_屋齡10至未滿20年棟數,含車位_屋齡20至未滿30年棟數,含車位_屋齡30至未滿40年棟數,含車位_屋齡40至未滿50年棟數,含車位_屋齡50年以上棟數,含車位_屋齡不詳棟數,含車位_各屋齡合計面積,含車位_屋齡未滿5年面積,含車位_屋齡5至未滿10年面積,含車位_屋齡10至未滿20年面積,含車位_屋齡20至未滿30年面積,含車位_屋齡30至未滿40年面積,含車位_屋齡40至未滿50年面積,含車位_屋齡50年以上面積,含車位_屋齡不詳面積,含車位_各屋齡整體中位數房價,含車位_屋齡未滿5年中位數房價,含車位_屋齡5至未滿10年中位數房價,含車位_屋齡10至未滿20年中位數房價,含車位_屋齡20至未滿30年中位數房價,含車位_屋齡30至未滿40年中位數房價,含車位_屋齡40至未滿50年中位數房價,含車位_屋齡50年以上中位數房價,含車位_屋齡不詳中位數房價,含車位_各屋齡整體交易單價中位數,含車位_屋齡未滿5年交易單價中位數,含車位_屋齡5至未滿10年交易單價中位數,含車位_屋齡10至未滿20年交易單價中位數,含車位_屋齡20至未滿30年交易單價中位數,含車位_屋齡30至未滿40年交易單價中位數,含車位_屋齡40至未滿50年交易單價中位數,含車位_屋齡50年以上交易單價中位數,含車位_屋齡不詳交易單價中位數,資料時間
10002,宜蘭縣,10002010,宜蘭市,279,109,9,43,54,44,7,,13,14696.94,7288.8,530.22,1759.78,1772.17,2791.96,181.41,,372.6,8050000,11500000,10500000,5350000,3950000,3920000,7500000,,7000000,166212,179706,206747,165947,136048,152233,269816,,270637,51,23,5,8,15,,,,,2917.97,1585.83,183.15,387.89,761.1,,,,,9500000,14500000,3421667,7175000,5500000,,,,,177358,239075,118737,154378,131928,,,,,"105Y2S"
10002,宜蘭縣,10002020,羅東鎮,172,26,7,33,63,29,10,3,1,8034.73,1746.96,260.4,1229.88,3098.49,1213.55,299.04,118.12,68.31,5640000,11896000,6000000,5450000,4450000,3800000,6300000,19200000,47500000,163023,188759,185946,171737,156073,141263,217673,268829,695385,23,,3,8,12,,,,,1008.9,,124.91,289.38,594.61,,,,,5500000,,6900000,5275000,5500000,,,,,144489,,174976,156990,124383,,,,,"105Y2S"
10002,宜蘭縣,10002030,蘇澳鎮,63,24,2,3,10,20,4,,,3194.66,1555.11,102.43,126.52,458.11,816.61,135.87,,,5300000,7105000,7900000,5200000,2775000,2800000,3070000,,,98177,124900,165167,77917,54976,87059,64024,,,,,,,,,,,,,,,,,,,,,,,,,,,,,,,,,,,,,,,"105Y2S"
10002,宜蘭縣,10002040,頭城鎮,27,7,1,6,8,3,1,,1,1249.88,525.65,51.17,167.7,377.8,91.01,26.55,,9.98,5200000,11000000,8500000,2425000,5790000,3150000,3980000,,600000,119762,156734,166100,111372,97392,95470,149886,,60105,1,,,1,,,,,,30.27,,,30.27,,,,,,4180000,,,4180000,,,,,,138085,,,138085,,,,,,"105Y2S"
10002,宜蘭縣,10002050,礁溪鄉,161,84,12,24,25,15,1,,,6848.53,4562.82,500.5,637.6,737.48,389.77,20.36,,,8000000,10390000,7900000,4000000,3300000,3500000,9100000,,,200101,205910,298879,201967,130287,145104,446860,,,7,2,1,2,2,,,,,285.78,111.06,44.76,83.89,46.08,,,,,7400000,18885000,15680000,5825000,3050000,,,,,211376,319181,350306,160705,151638,,,,,"105Y2S"
10002,宜蘭縣,10002060,壯圍鄉,58,36,2,5,12,3,,,,3600.85,2447.63,93.92,409.63,519.14,130.53,,,,8525000,8875000,7000000,6500000,4100000,5000000,,,,142237,149177,150268,77697,97981,90903,,,,,,,,,,,,,,,,,,,,,,,,,,,,,,,,,,,,,,,,"105Y2S"
10002,宜蘭縣,10002070,員山鄉,83,49,3,7,12,11,1,,,5493.08,4027.05,155.67,372.44,530.67,399.1,8.16,,,7480000,7600000,11100000,6420000,8571429,4700000,1300000,,,103977,100504,300653,130625,146466,114959,159344,,,1,,,,1,,,,,35.53,,,,35.53,,,,,3900000,,,,3900000,,,,,109761,,,,109761,,,,,"105Y2S"
10002,宜蘭縣,10002080,冬山鄉,94,28,9,12,12,23,7,1,2,4701.71,1866.18,625.14,583.09,583.99,759.03,202.74,22.81,58.73,6790000,9000000,12000000,4900000,6390000,4400000,6000000,8000000,3830000,149367,161792,164073,129353,113921,122887,198600,350746,132348,2,,,,2,,,,,82.49,,,,82.49,,,,,2810000,,,,2810000,,,,,68679,,,,68679,,,,,"105Y2S"
10002,宜蘭縣,10002090,五結鄉,101,41,5,11,22,18,2,,2,5344.04,2579.32,210.61,450.19,1258.49,750.94,63.44,,31.05,7800000,10000000,11380000,5700000,3600000,5100000,13275000,,3000000,161608,179492,191235,96735,101111,142740,392158,,198209,14,6,1,4,3,,,,,623.3,263.12,45.71,160.17,154.3,,,,,6490000,9365000,9580000,3100000,5800000,,,,,151347,209585,209565,82528,105727,,,,,"105Y2S"
10002,宜蘭縣,10002100,三星鄉,39,19,2,5,6,4,1,1,1,2309.53,1328.38,94.19,288.03,364.42,148.8,28.31,46.59,10.82,7700000,8150000,13190000,8300000,5000000,4425000,8000000,3570000,8123900,147194,150104,495412,225856,93331,127443,282606,76634,751003,,,,,,,,,,,,,,,,,,,,,,,,,,,,,,,,,,,,,"105Y2S"
10002,宜蘭縣,10002110,大同鄉,,,,,,,,,,,,,,,,,,,,,,,,,,,,,,,,,,,,,,,,,,,,,,,,,,,,,,,,,,,,,,,,,,,,,,,,,"105Y2S"
10002,宜蘭縣,10002120,南澳鄉,1,,,1,,,,,,45.06,,,45.06,,,,,,2600000,,,2600000,,,,,,57704,,,57704,,,,,,,,,,,,,,,,,,,,,,,,,,,,,,,,,,,,,,,,,,"105Y2S"
10004,新竹縣,10004010,竹北市,451,324,33,48,28,7,2,,9,25380.2,20020.13,1530.49,2092.72,991,329.19,52.06,,364.6,10500000,11850000,8000000,4910000,4090000,11500000,6100000,,6500000,219587,237898,218821,202087,125428,197771,222429,,193130,449,209,129,91,20,,,,,25574.68,13288.43,7444.42,4071.39,770.44,,,,,9750000,11200000,10100000,8000000,5100000,,,,,189171,192197,193684,182070,129354,,,,,"105Y2S"
10004,新竹縣,10004020,竹東鎮,186,59,10,25,47,6,1,,38,8891.8,3540.41,476.62,1167,1911.62,185.92,33.36,,1576.88,5725000,10600000,8510000,5500000,3800000,4350000,4300000,,5025000,141744,170850,156675,120759,101023,142948,128898,,142069,139,87,9,13,27,,,,3,6765,4580.48,368.64,510.12,1145.07,,,,160.69,6630000,6990000,5600000,4080000,4000000,,,,6000000,137369,142948,160724,123208,95952,,,,108009,"105Y2S"
10004,新竹縣,10004030,新埔鎮,35,17,3,1,7,4,1,1,1,2179.26,1338.61,189.68,77.71,331.27,119.99,59.49,21.3,41.22,10200000,12000000,11800000,9380000,3400000,3000000,5700000,660000,16800000,150611,160482,163838,120706,101862,120470,95820,30987,407612,13,11,,,2,,,,,498.77,398.47,,,100.3,,,,,5150000,5150000,,,3700000,,,,,142169,142169,,,87848,,,,,"105Y2S"
10004,新竹縣,10004040,關西鎮,14,6,2,2,2,,,,2,833.79,431.9,104.64,125.91,63.75,,,,107.59,5400000,10135000,7650000,3675000,2350000,,,,6750000,132835,144472,156636,59258,73949,,,,107524,1,,,,1,,,,,48.25,,,,48.25,,,,,3000000,,,,3000000,,,,,62174,,,,62174,,,,,"105Y2S"
10004,新竹縣,10004050,湖口鄉,268,144,17,24,54,9,2,,18,12921.38,6693.8,1002.92,934.3,3313.96,283.36,117.52,,575.51,5425000,5775000,6800000,3750000,3800000,4500000,8681500,,3575000,154268,179568,120535,132349,112639,149643,154341,,128361,23,12,2,4,5,,,,,807.06,383.09,32.9,145.55,245.52,,,,,4700000,4775000,3800000,3999500,3800000,,,,,155995,161185,264347,92509,82297,,,,,"105Y2S"
10004,新竹縣,10004060,新豐鄉,160,60,28,23,27,14,,1,7,7559.85,3146.49,1578.76,907,808.86,434.88,,7.04,676.82,6450000,8525000,7750000,4600000,1300000,4500000,,2100000,6500000,146440,162297,142039,134907,101435,155679,,298330,130464,20,16,1,3,,,,,,794.99,634.72,38.43,121.85,,,,,,5200000,5285000,5000000,4450000,,,,,,130117,135629,130118,104272,,,,,,"105Y2S"
10004,新竹縣,10004070,芎林鄉,27,8,1,10,4,,,,4,1200.47,594.75,76.35,204.14,214.94,,,,110.29,5230000,12750000,13880000,910000,5715000,,,,3300000,93808,171030,181785,75071,78699,,,,111690,3,,,1,1,,,,1,186.26,,,92.07,40.34,,,,53.85,5500000,,,10800000,3070000,,,,5500000,102139,,,117303,76095,,,,102139,"105Y2S"
10004,新竹縣,10004080,橫山鄉,6,1,1,,2,1,,,1,345.37,64.2,67.71,,113.11,28.97,,,71.38,5900000,8500000,7600000,,4200000,2000000,,,9000000,93255,132393,112246,,74263,69043,,,126089,,,,,,,,,,,,,,,,,,,,,,,,,,,,,,,,,,,,,"105Y2S"
10004,新竹縣,10004090,北埔鄉,3,,,,,,1,,2,180.64,,,,,,15.79,,164.85,2800000,,,,,,2800000,,7365000,98905,,,,,,177322,,71141,,,,,,,,,,,,,,,,,,,,,,,,,,,,,,,,,,,,,"105Y2S"
10004,新竹縣,10004100,寶山鄉,18,4,2,5,4,1,,,2,1123.33,222.4,180.88,391.08,195.13,14.16,,,119.68,7200000,7110000,12100000,13850000,5315000,5000000,,,4250000,133213,138531,132751,184083,101392,353182,,,78583,6,,,,6,,,,,235.22,,,,235.22,,,,,3090000,,,,3090000,,,,,76776,,,,76776,,,,,"105Y2S"
10004,新竹縣,10004110,峨眉鄉,2,,,,1,1,,,,96.16,,,,60.39,35.77,,,,9165000,,,,15000000,3330000,,,,170746,,,,248406,93085,,,,,,,,,,,,,,,,,,,,,,,,,,,,,,,,,,,,,,,,"105Y2S"
10004,新竹縣,10004120,尖石鄉,1,,1,,,,,,,157.58,,157.58,,,,,,,1312273,,1312273,,,,,,,8328,,8328,,,,,,,,,,,,,,,,,,,,,,,,,,,,,,,,,,,,,,,,,,,"105Y2S"
10004,新竹縣,10004130,五峰鄉,,,,,,,,,,,,,,,,,,,,,,,,,,,,,,,,,,,,,,,,,,,,,,,,,,,,,,,,,,,,,,,,,,,,,,,,,"105Y2S"
10005,苗栗縣,10005010,苗栗市,187,35,10,29,47,30,4,1,31,10164.1,2303.95,242.59,1901.21,2655.76,1123.83,144.83,58.08,1733.85,3680000,10000000,1175000,4500000,2800000,3290000,2525000,10200000,3500000,107160,156532,119161,98536,74608,96415,164916,175620,115818,38,22,4,4,8,,,,,1483.33,983.6,61.57,152.98,285.18,,,,,5385000,6290000,1500000,3750000,2950000,,,,,131844,141778,107318,94729,94289,,,,,"105Y2S"
10005,苗栗縣,10005020,苑裡鎮,47,25,1,4,5,5,,,7,2167.16,1259.32,48.55,188.68,203.48,199.76,,,267.36,5000000,5200000,7350000,5400000,3720000,3800000,,,4500000,112221,112221,151377,100954,108348,94334,,,123468,5,,,,5,,,,,108.41,,,,108.41,,,,,1086667,,,,1086667,,,,,87560,,,,87560,,,,,"105Y2S"
10005,苗栗縣,10005030,通霄鎮,15,,,,4,3,,,8,542.95,,,,165.32,101.18,,,276.45,2558010,,,,3014444,2500000,,,2179005,89105,,,,100630,66800,,,75320,,,,,,,,,,,,,,,,,,,,,,,,,,,,,,,,,,,,,"105Y2S"
10005,苗栗縣,10005040,竹南鎮,158,77,21,27,17,13,2,,1,10440.63,5050.46,1178.97,2328.29,997.11,778.11,78.47,,29.24,8635000,10500000,8700000,6000000,4500000,4500000,4310000,,1410054,149869,172511,149895,126350,101163,126894,110731,,48229,90,77,2,1,10,,,,,3693.35,3173.61,70.49,42.23,407.03,,,,,5857000,6000000,5740000,4380000,3600000,,,,,138467,140354,162525,103728,94226,,,,,"105Y2S"
10005,苗栗縣,10005050,頭份市,178,51,20,31,34,30,8,1,3,7900.46,2656.94,950.39,1369.87,1456.89,983.19,313.64,60.53,109.03,4850000,7180000,8980000,4800000,3600000,3000000,2000000,15500000,7747125,136542,146157,170173,115992,102954,103853,62401,256083,244864,49,26,7,8,8,,,,,1470.12,826.55,174.49,208.91,260.17,,,,,3650000,4400000,4200000,2525000,3990000,,,,,142020,144905,163896,91894,111397,,,,,"105Y2S"
10005,苗栗縣,10005060,後龍鎮,25,10,1,2,4,6,2,,,1433.99,822.46,49.1,105.14,150.46,225.37,81.45,,,4800000,11980000,25000000,4140000,3405000,2700000,3950000,,,135786,151621,509209,115270,103134,63135,116199,,,,,,,,,,,,,,,,,,,,,,,,,,,,,,,,,,,,,,,"105Y2S"
10005,苗栗縣,10005070,卓蘭鎮,8,1,,2,3,1,,1,,429.9,61.87,,132.95,179.28,37.13,,18.68,,4575000,5200000,,16400000,4150000,2350000,,2300000,,82018,84047,,256696,67461,63293,,123130,,,,,,,,,,,,,,,,,,,,,,,,,,,,,,,,,,,,,,"105Y2S"
10005,苗栗縣,10005080,大湖鄉,10,,,1,6,3,,,,526.48,,,42,342.41,142.08,,,,4575000,,,3800000,4875000,3800000,,,,100138,,,90478,89559,109798,,,,,,,,,,,,,,,,,,,,,,,,,,,,,,,,,,,,,,,,"105Y2S"
10005,苗栗縣,10005090,公館鄉,27,7,1,1,11,5,,,2,1421.45,415.33,76.47,59.93,649.02,163.22,,,57.48,6500000,14400000,13150000,7001660,5500000,2620000,,,2475000,110000,252529,171972,116840,99742,93914,,,99155,,,,,,,,,,,,,,,,,,,,,,,,,,,,,,,,,,,,,"105Y2S"
10005,苗栗縣,10005100,銅鑼鄉,11,5,,,4,2,,,,611.35,306.47,,,151.53,153.35,,,,6600000,7200000,,,4080000,13000000,,,,121091,106317,,,117614,176988,,,,,,,,,,,,,,,,,,,,,,,,,,,,,,,,,,,,,,,,"105Y2S"
10005,苗栗縣,10005110,南庄鄉,,,,,,,,,,,,,,,,,,,,,,,,,,,,,,,,,,,,,,,,,,,,,,,,,,,,,,,,,,,,,,,,,,,,,,,,,"105Y2S"
10005,苗栗縣,10005120,頭屋鄉,10,6,,,2,2,,,,600.24,379.77,,,171.05,49.41,,,,6210000,7580000,,,3780000,2500000,,,,108133,131410,,,48823,98088,,,,,,,,,,,,,,,,,,,,,,,,,,,,,,,,,,,,,,,,"105Y2S"
10005,苗栗縣,10005130,三義鄉,20,,2,,8,7,,1,2,1803.83,,95.13,,415.75,1154.38,,64.11,74.48,5200000,,7225000,,4840000,9000000,,5580000,3150000,92070,,151852,,90731,106112,,87044,81776,,,,,,,,,,,,,,,,,,,,,,,,,,,,,,,,,,,,,"105Y2S"
10005,苗栗縣,10005140,西湖鄉,1,,,,1,,,,,32.93,,,,32.93,,,,,500000,,,,500000,,,,,15184,,,,15184,,,,,,,,,,,,,,,,,,,,,,,,,,,,,,,,,,,,,,,,,"105Y2S"
10005,苗栗縣,10005150,造橋鄉,15,1,,10,,4,,,,253.14,66.03,,80.86,,106.26,,,,500000,4200000,,367500,,1600000,,,,51352,63608,,49948,,51352,,,,,,,,,,,,,,,,,,,,,,,,,,,,,,,,,,,,,,,,"105Y2S"
10005,苗栗縣,10005160,三灣鄉,3,,1,,1,1,,,,220.4,,86.59,,90.37,43.45,,,,6300000,,12564449,,2500000,6300000,,,,145011,,145107,,27665,145011,,,,,,,,,,,,,,,,,,,,,,,,,,,,,,,,,,,,,,,,"105Y2S"
10005,苗栗縣,10005170,獅潭鄉,,,,,,,,,,,,,,,,,,,,,,,,,,,,,,,,,,,,,,,,,,,,,,,,,,,,,,,,,,,,,,,,,,,,,,,,,"105Y2S"
10005,苗栗縣,10005180,泰安鄉,,,,,,,,,,,,,,,,,,,,,,,,,,,,,,,,,,,,,,,,,,,,,,,,,,,,,,,,,,,,,,,,,,,,,,,,,"105Y2S"
10007,彰化縣,10007010,彰化市,325,82,12,40,58,96,32,5,,16209.12,5753.48,1321.79,2007.82,2484.8,3513.51,973.81,153.9,,6000000,12580000,11900000,5950000,3725000,4000000,4190000,5700000,,146333,168556,161890,132798,104952,139455,173896,268402,,59,2,6,11,40,,,,,2690.12,153.2,322.32,529.05,1685.55,,,,,4800000,13000000,5085798,4900000,4485000,,,,,109873,170207,96466,122205,112090,,,,,"105Y2S"
10007,彰化縣,10007020,鹿港鎮,79,34,17,7,9,9,2,1,,5184.43,1865.22,1796.74,703.13,463.49,260.57,31.17,64.11,,5850000,5775000,6153846,4500000,5500000,2880000,3550000,24000000,,120002,119273,138234,76838,109926,97689,262055,374328,,9,2,,7,,,,,,440.61,140.62,,299.99,,,,,,3400000,17695000,,3380000,,,,,,74914,238654,,70752,,,,,,"105Y2S"
10007,彰化縣,10007030,和美鎮,89,35,7,8,14,22,3,,,4487.86,2158.79,370.58,495.42,623.95,761.19,77.92,,,7160000,9600000,7600000,7530000,4550000,4785000,4800000,,,144058,148705,154286,149008,95511,142058,172476,,,6,,,2,4,,,,,211.21,,,85.64,125.57,,,,,3725000,,,4500000,2550000,,,,,86447,,,105096,85599,,,,,"105Y2S"
10007,彰化縣,10007040,線西鄉,34,25,,4,5,,,,,4906.79,1386.72,,1222.98,2297.08,,,,,5990000,6000000,,4475000,66666667,,,,,102394,104213,,108205,90770,,,,,,,,,,,,,,,,,,,,,,,,,,,,,,,,,,,,,,,,,"105Y2S"
10007,彰化縣,10007050,伸港鄉,68,44,2,4,10,7,,1,,3603.96,2453.47,99.59,329.2,470.82,240.94,,9.95,,6650000,7122500,6080000,8800000,3925000,2500000,,1485500,,125002,131898,121248,163124,91901,88651,,149263,,,,,,,,,,,,,,,,,,,,,,,,,,,,,,,,,,,,,,"105Y2S"
10007,彰化縣,10007060,福興鄉,28,6,2,4,11,5,,,,1503.16,396.93,193.94,207.41,519.5,185.4,,,,3500000,12617500,18500000,3950000,3000000,2400000,,,,94564,162359,165224,96915,76221,76750,,,,1,,,1,,,,,,25.12,,,25.12,,,,,,2700000,,,2700000,,,,,,107486,,,107486,,,,,,"105Y2S"
10007,彰化縣,10007070,秀水鄉,22,9,1,1,8,3,,,,911.6,397.32,52.87,34.85,339.65,86.9,,,,5715000,6780000,11000000,13800000,4480000,3000000,,,,130132,131703,208042,396006,101081,98985,,,,,,,,,,,,,,,,,,,,,,,,,,,,,,,,,,,,,,,,"105Y2S"
10007,彰化縣,10007080,花壇鄉,46,26,1,4,7,8,,,,2188.96,1371.17,66.86,155.28,370.1,225.54,,,,5410000,5700000,10900000,5335000,4500000,3850000,,,,123637,124944,163031,123908,77014,132246,,,,,,,,,,,,,,,,,,,,,,,,,,,,,,,,,,,,,,,,"105Y2S"
10007,彰化縣,10007090,芬園鄉,11,4,1,2,2,2,,,,530.57,227.5,53.82,91.74,83.57,73.94,,,,6300000,9730000,6300000,4900000,3525000,3230000,,,,120554,153739,117055,108167,84313,90697,,,,,,,,,,,,,,,,,,,,,,,,,,,,,,,,,,,,,,,,"105Y2S"
10007,彰化縣,10007100,員林市,156,56,4,4,47,32,10,,3,8753.07,3568.62,249.42,352.04,2875.75,1287.61,355.17,,64.47,7300000,10000000,7625000,8350000,4800000,5300000,4325000,,4900000,155212,184932,126791,135626,114280,181496,164222,,228017,10,1,,1,8,,,,,458.2,42.34,,57.44,358.41,,,,,5212980,7800000,,8500000,5075000,,,,,117779,184232,,147968,113738,,,,,"105Y2S"
10007,彰化縣,10007110,溪湖鎮,52,27,4,2,10,7,2,,,2811.65,1743.59,255.96,87.15,437.61,256.42,30.91,,,6740000,7820000,7900000,4530000,5250000,3200000,5450000,,,128801,141472,132956,96441,118463,94451,332918,,,,,,,,,,,,,,,,,,,,,,,,,,,,,,,,,,,,,,,"105Y2S"
10007,彰化縣,10007120,田中鎮,33,15,,2,10,3,2,1,,1639.3,913.61,,84.21,445.39,120.9,48.61,26.59,,6500000,9500000,,5375000,4025000,3750000,4100000,8200000,,135172,144218,,124540,104557,87920,164762,308425,,1,,,,1,,,,,49.08,,,,49.08,,,,,3500000,,,,3500000,,,,,71316,,,,71316,,,,,"105Y2S"
10007,彰化縣,10007130,大村鄉,25,6,3,6,4,6,,,,1259.04,409.35,86.92,340.68,138.95,283.15,,,,5500000,9055000,3380000,5400000,5500000,4730000,,,,118130,143088,125546,86734,156254,88426,,,,5,1,,4,,,,,,205.19,51.51,,153.68,,,,,,4200000,6800000,,4012500,,,,,,113752,132014,,108018,,,,,,"105Y2S"
10007,彰化縣,10007140,埔鹽鄉,12,3,,1,7,1,,,,579.2,167.18,,117.64,264.83,29.54,,,,3526000,6680000,,6700000,3150000,2050000,,,,82213,122934,,56954,89274,69392,,,,,,,,,,,,,,,,,,,,,,,,,,,,,,,,,,,,,,,,"105Y2S"
10007,彰化縣,10007150,埔心鄉,36,17,,8,5,6,,,,1766.31,858.44,,412.13,212.18,283.55,,,,7200000,7820000,,4030000,4500000,5440000,,,,138890,166717,,97772,110193,146717,,,,,,,,,,,,,,,,,,,,,,,,,,,,,,,,,,,,,,,,"105Y2S"
10007,彰化縣,10007160,永靖鄉,15,7,,1,3,4,,,,733.12,340.09,,51.18,195.59,146.25,,,,7800000,8100000,,4200000,10200000,3419000,,,,136665,148858,,82063,128784,87706,,,,,,,,,,,,,,,,,,,,,,,,,,,,,,,,,,,,,,,,"105Y2S"
10007,彰化縣,10007170,社頭鄉,30,22,1,,5,2,,,,2323.4,1882.91,61.29,,296.23,82.96,,,,7600000,7700000,8550000,,5000000,3650000,,,,134724,147591,139495,,85966,97333,,,,,,,,,,,,,,,,,,,,,,,,,,,,,,,,,,,,,,,,"105Y2S"
10007,彰化縣,10007180,二水鄉,2,1,,,1,,,,,99.87,47.8,,,52.07,,,,,5025000,6250000,,,3800000,,,,,101865,130750,,,72980,,,,,,,,,,,,,,,,,,,,,,,,,,,,,,,,,,,,,,,,,"105Y2S"
10007,彰化縣,10007190,北斗鎮,57,23,2,6,12,13,1,,,3254.52,1531.26,217.94,319.2,681.96,469.99,34.16,,,7100000,9000000,16550000,6600000,4840000,3350000,10050000,,,128392,137128,167110,119082,101642,104946,294166,,,,,,,,,,,,,,,,,,,,,,,,,,,,,,,,,,,,,,,"105Y2S"
10007,彰化縣,10007200,二林鎮,57,20,1,8,11,15,1,1,,2872.87,1267.37,48.87,426.99,501.5,509.07,96.21,22.87,,4830000,7555000,6200000,3400000,2800000,2200000,17700000,2400000,,90088,116423,126870,76667,68111,56610,183967,104946,,,,,,,,,,,,,,,,,,,,,,,,,,,,,,,,,,,,,,"105Y2S"
10007,彰化縣,10007210,田尾鄉,11,3,1,1,5,1,,,,654.23,141.32,212.64,49.89,214.48,35.9,,,,5000000,6560000,20000000,5000000,4280000,4250000,,,,105274,151714,94055,100212,105274,118382,,,,,,,,,,,,,,,,,,,,,,,,,,,,,,,,,,,,,,,,"105Y2S"
10007,彰化縣,10007220,埤頭鄉,25,13,2,1,6,3,,,,1423.92,867.07,170.13,50.84,232.99,102.9,,,,5800000,6800000,9800000,3600000,2850000,2800000,,,,105414,122725,112745,70813,88383,78257,,,,,,,,,,,,,,,,,,,,,,,,,,,,,,,,,,,,,,,,"105Y2S"
10007,彰化縣,10007230,芳苑鄉,11,,2,1,7,1,,,,698.06,,234.66,52.75,376.92,33.73,,,,3000000,,6500000,3050000,2990000,800000,,,,55399,,55399,57817,52925,23719,,,,,,,,,,,,,,,,,,,,,,,,,,,,,,,,,,,,,,,,"105Y2S"
10007,彰化縣,10007240,大城鄉,2,,,2,,,,,,198.6,,,198.6,,,,,,3150000,,,3150000,,,,,,40747,,,40747,,,,,,,,,,,,,,,,,,,,,,,,,,,,,,,,,,,,,,,,,,"105Y2S"
10007,彰化縣,10007250,竹塘鄉,12,,,1,7,3,1,,,461.94,,,48.4,271.66,105.57,36.31,,,1870000,,,2400000,1800000,1940000,3800000,,,49386,,,49587,49185,58880,104648,,,,,,,,,,,,,,,,,,,,,,,,,,,,,,,,,,,,,,,"105Y2S"
10007,彰化縣,10007260,溪州鄉,15,8,,3,2,2,,,,823.52,509.41,,153.44,103.95,56.72,,,,6360000,7380000,,5820000,3240000,1065000,,,,114546,121165,,114243,62076,37323,,,,,,,,,,,,,,,,,,,,,,,,,,,,,,,,,,,,,,,,"105Y2S"
10008,南投縣,10008010,南投市,137,44,3,24,34,24,4,3,1,7096.26,2996.13,194.04,1144.97,1662.42,813.82,153.16,116.18,15.55,6650000,10600000,13800000,4975000,3599000,4125000,6150000,10482000,1160000,149364,206370,223625,109362,94942,151504,192192,392871,74605,3,,,,3,,,,,101.48,,,,101.48,,,,,2600000,,,,2600000,,,,,82548,,,,82548,,,,,"105Y2S"
10008,南投縣,10008020,埔里鎮,98,14,6,21,32,18,6,,1,4902.7,875.6,808.66,1178.51,1218.79,653.02,146.3,,21.81,4800000,10860000,8650000,5500000,3100000,5500000,2975000,,3600000,120021,176909,160359,103020,102986,154383,139329,,165060,11,,,3,8,,,,,555.94,,,137.58,418.36,,,,,3390200,,,4100000,3195100,,,,,70000,,,74381,69996,,,,,"105Y2S"
10008,南投縣,10008030,草屯鎮,117,33,8,9,40,21,5,,1,6038.03,2155.8,472.04,449.94,1462.36,1304.01,160.21,,33.67,6600000,9080000,10700000,5300000,3225000,5000000,4000000,,12000000,126722,165756,195618,91851,91693,147694,148695,,356419,10,1,,6,3,,,,,464.03,49.27,,305.09,109.67,,,,,3450000,5650000,,4200000,3200000,,,,,93620,114671,,93620,78925,,,,,"105Y2S"
10008,南投縣,10008040,竹山鎮,60,9,2,10,22,12,5,,,2815.82,527.04,99.17,490.91,1039.93,412.27,246.49,,,3180000,6100000,6750000,4750000,3025000,1975000,3000000,,,68475,107631,138253,93709,64699,57018,63269,,,,,,,,,,,,,,,,,,,,,,,,,,,,,,,,,,,,,,,"105Y2S"
10008,南投縣,10008050,集集鎮,10,,1,4,4,1,,,,584.13,,136.59,202.97,211.23,33.34,,,,4100000,,11000000,4950000,3600000,2550000,,,,80258,,80531,101459,76276,76488,,,,,,,,,,,,,,,,,,,,,,,,,,,,,,,,,,,,,,,,"105Y2S"
10008,南投縣,10008060,名間鄉,54,22,1,1,14,15,1,,,3260.38,1219.22,77.75,39.88,829.99,1037.22,56.32,,,7000000,7090000,10400000,3700000,3500000,4300000,2500000,,,130595,136523,133765,92775,68003,140622,44390,,,,,,,,,,,,,,,,,,,,,,,,,,,,,,,,,,,,,,,"105Y2S"
10008,南投縣,10008070,鹿谷鄉,4,,,2,2,,,,,183.17,,,68.14,115.03,,,,,3747500,,,3747500,4061640,,,,,109983,,,109983,88131,,,,,,,,,,,,,,,,,,,,,,,,,,,,,,,,,,,,,,,,,"105Y2S"
10008,南投縣,10008080,中寮鄉,7,,1,5,,1,,,,189.84,,0.77,165.83,,23.24,,,,932294,,3000000,932294,,1200000,,,,46813,,3889159,46813,,51639,,,,,,,,,,,,,,,,,,,,,,,,,,,,,,,,,,,,,,,,"105Y2S"
10008,南投縣,10008090,魚池鄉,11,,,3,1,7,,,,284.7,,,186.89,34.92,62.89,,,,525000,,,9300000,8500000,520000,,,,88706,,,158646,243430,84018,,,,,,,,,,,,,,,,,,,,,,,,,,,,,,,,,,,,,,,,"105Y2S"
10008,南投縣,10008100,國姓鄉,12,,2,2,4,3,1,,,481.81,,68.6,143.11,168.31,76.01,25.79,,,1850000,,4175000,3350000,1250000,1100000,800000,,,44523,,122107,59729,26780,44673,31015,,,,,,,,,,,,,,,,,,,,,,,,,,,,,,,,,,,,,,,"105Y2S"
10008,南投縣,10008110,水里鄉,10,,1,1,3,2,3,,,383.89,,66.93,52.61,116.76,63.51,84.08,,,2150000,,8700000,3500000,2800000,775000,1300000,,,74371,,129996,66522,82219,24407,97185,,,,,,,,,,,,,,,,,,,,,,,,,,,,,,,,,,,,,,,"105Y2S"
10008,南投縣,10008120,信義鄉,1,,,1,,,,,,81.31,,,81.31,,,,,,4200000,,,4200000,,,,,,51653,,,51653,,,,,,,,,,,,,,,,,,,,,,,,,,,,,,,,,,,,,,,,,,"105Y2S"
10008,南投縣,10008130,仁愛鄉,,,,,,,,,,,,,,,,,,,,,,,,,,,,,,,,,,,,,,,,,,,,,,,,,,,,,,,,,,,,,,,,,,,,,,,,,"105Y2S"
10009,雲林縣,10009010,斗六市,238,56,24,39,79,32,5,3,,10826.26,3405.18,1431.72,1283.29,3464.82,990.32,192.07,58.88,,3825000,7250000,7410000,2500000,3000000,2880742,4700000,2700000,,98401,127127,117786,89465,79139,90192,171568,158875,,18,1,,8,9,,,,,930.65,168.24,,389.4,373.02,,,,,3415000,22000000,,2725000,3630000,,,,,81428,130767,,63236,82374,,,,,"105Y2S"
10009,雲林縣,10009020,斗南鎮,39,8,3,5,14,7,,2,,1976.76,531.69,184.7,212.15,737.66,254.49,,56.07,,3800000,8850000,6250000,2530000,3400000,2800000,,3500000,,84023,135071,111417,71308,64838,89363,,124841,,4,,,2,2,,,,,177.95,,,86.69,91.26,,,,,2675000,,,2675000,2600000,,,,,61671,,,61671,57281,,,,,"105Y2S"
10009,雲林縣,10009030,虎尾鎮,160,68,16,23,22,25,6,,,7994.18,4080.5,545.41,1296.85,981.9,902.23,187.29,,,5600000,7990000,2675000,6000000,4925000,2900000,3530000,,,115785,125821,111456,85895,88080,101986,116424,,,5,,1,4,,,,,,197.31,,23.57,173.74,,,,,,3160000,,2050000,3455000,,,,,,84000,,86961,80707,,,,,,"105Y2S"
10009,雲林縣,10009040,西螺鎮,57,31,4,5,10,5,2,,,3450.28,1877.77,242.4,414.84,658.91,194.96,61.4,,,6590000,7100000,7050000,6500000,3630000,2050000,4500000,,,104727,126215,120933,78833,72243,58209,119768,,,1,,,,1,,,,,24.62,,,,24.62,,,,,1250000,,,,1250000,,,,,50777,,,,50777,,,,,"105Y2S"
10009,雲林縣,10009050,土庫鎮,22,7,,6,4,4,1,,,1241.37,403.82,,378.3,238.22,186.38,34.65,,,5000000,6500000,,4350000,4700000,3275000,1250000,,,83963,118428,,63537,78588,61024,36080,,,,,,,,,,,,,,,,,,,,,,,,,,,,,,,,,,,,,,,"105Y2S"
10009,雲林縣,10009060,北港鎮,36,11,1,6,11,5,2,,,1695.74,747.22,59.74,160.51,527.23,140.61,60.42,,,3425000,7500000,10660000,1533333,2100000,2900000,2350000,,,96523,122298,178429,44253,51225,124497,77067,,,3,,,2,1,,,,,148.89,,,105.15,43.74,,,,,3050000,,,3285000,3000000,,,,,63689,,,62581,68585,,,,,"105Y2S"
10009,雲林縣,10009070,古坑鄉,11,1,,6,2,1,1,,,586.1,61.14,,337.49,103.26,56.73,27.48,,,3600000,7380000,,3900000,3310000,3200000,2000000,,,74380,120704,,77164,62478,56407,72783,,,,,,,,,,,,,,,,,,,,,,,,,,,,,,,,,,,,,,,"105Y2S"
10009,雲林縣,10009080,大埤鄉,12,3,,1,3,5,,,,604.98,204.2,,49.61,167.99,183.18,,,,2775000,7100000,,4180000,2850000,1120000,,,,59832,104311,,84252,51860,34791,,,,,,,,,,,,,,,,,,,,,,,,,,,,,,,,,,,,,,,,"105Y2S"
10009,雲林縣,10009090,莿桐鄉,27,12,1,3,6,5,,,,1408.48,725.73,58.35,189.2,274.98,160.22,,,,4200000,5725000,3750000,4690000,2510000,2300000,,,,92706,100097,64272,69742,51653,80102,,,,,,,,,,,,,,,,,,,,,,,,,,,,,,,,,,,,,,,,"105Y2S"
10009,雲林縣,10009100,林內鄉,20,3,,,3,2,12,,,896.27,162.12,,,179.45,90.36,464.35,,,3261111,6500000,,,2300000,2030000,3261111,,,79424,122963,,,39492,47964,79424,,,,,,,,,,,,,,,,,,,,,,,,,,,,,,,,,,,,,,,"105Y2S"
10009,雲林縣,10009110,二崙鄉,9,,,3,5,1,,,,568.08,,,279.3,207.84,80.94,,,,2700000,,,2750000,2660000,5800000,,,,62382,,,23050,63320,71658,,,,,,,,,,,,,,,,,,,,,,,,,,,,,,,,,,,,,,,,"105Y2S"
10009,雲林縣,10009120,崙背鄉,12,1,,2,7,2,,,,1028.32,64.19,,65.93,835.32,62.88,,,,1765000,9350000,,3300000,1030000,1750000,,,,40869,145653,,172976,7091,56441,,,,,,,,,,,,,,,,,,,,,,,,,,,,,,,,,,,,,,,,"105Y2S"
10009,雲林縣,10009130,麥寮鄉,24,10,1,7,2,4,,,,1101.64,589.31,68.79,82.33,111.1,250.11,,,,5250000,8750000,6200000,520000,3100000,3050000,,,,90110,150560,90135,75090,56695,49685,,,,2,,,2,,,,,,76.34,,,76.34,,,,,,2490000,,,2490000,,,,,,66724,,,66724,,,,,,"105Y2S"
10009,雲林縣,10009140,東勢鄉,5,2,,2,1,,,,,605.13,450.49,,118.14,36.5,,,,,2500000,4490000,,2600000,2500000,,,,,55477,66296,,46211,68494,,,,,,,,,,,,,,,,,,,,,,,,,,,,,,,,,,,,,,,,,"105Y2S"
10009,雲林縣,10009150,褒忠鄉,2,1,,,1,,,,,106.04,58.37,,,47.67,,,,,4050000,5280000,,,2820000,,,,,74806,90452,,,59159,,,,,,,,,,,,,,,,,,,,,,,,,,,,,,,,,,,,,,,,,"105Y2S"
10009,雲林縣,10009160,臺西鄉,1,,,,1,,,,,31.86,,,,31.86,,,,,1200000,,,,1200000,,,,,37669,,,,37669,,,,,,,,,,,,,,,,,,,,,,,,,,,,,,,,,,,,,,,,,"105Y2S"
10009,雲林縣,10009170,元長鄉,8,,,1,4,3,,,,348.23,,,55.71,180.09,112.43,,,,1725000,,,3700000,1285266,1750000,,,,46040,,,66417,28189,48823,,,,,,,,,,,,,,,,,,,,,,,,,,,,,,,,,,,,,,,,"105Y2S"
10009,雲林縣,10009180,四湖鄉,14,,1,1,10,2,,,,992.24,,59.74,116.56,731.26,84.68,,,,3450000,,3900000,9600000,3475000,1075000,,,,53551,,65282,82364,53551,24481,,,,,,,,,,,,,,,,,,,,,,,,,,,,,,,,,,,,,,,,"105Y2S"
10009,雲林縣,10009190,口湖鄉,5,,,2,1,2,,,,227.06,,,107.77,68.15,51.14,,,,2500000,,,3300000,2500000,750000,,,,36684,,,61242,36684,26403,,,,,,,,,,,,,,,,,,,,,,,,,,,,,,,,,,,,,,,,"105Y2S"
10009,雲林縣,10009200,水林鄉,1,,,,1,,,,,74.6,,,,74.6,,,,,2959536,,,,2959536,,,,,39674,,,,39674,,,,,,,,,,,,,,,,,,,,,,,,,,,,,,,,,,,,,,,,,"105Y2S"
10010,嘉義縣,10010010,太保市,59,20,2,21,13,2,,,1,2305.1,1061.14,108.42,478.74,552.18,71.79,,,32.83,3900000,5835000,8790000,1250000,3300000,2750000,,,2436000,93170,113731,157113,75455,73196,76634,,,74207,2,1,,1,,,,,,80.21,50.12,,30.1,,,,,,3600000,5780000,,1420000,,,,,,81256,115334,,47178,,,,,,"105Y2S"
10010,嘉義縣,10010020,朴子市,62,20,14,15,5,4,2,2,,2024.48,1100.77,121.52,314.89,209.5,161.71,62.95,53.14,,2725000,8400000,575000,800000,3000000,3100000,2450000,6004900,,89327,163309,65479,76829,79803,94973,77846,153656,,1,,,,1,,,,,43.29,,,,43.29,,,,,2550000,,,,2550000,,,,,58900,,,,58900,,,,,"105Y2S"
10010,嘉義縣,10010030,布袋鎮,15,,,1,11,3,,,,657.09,,,53.51,500.17,103.41,,,,2800000,,,2880000,3000000,1050000,,,,60664,,,53822,61013,26328,,,,,,,,,,,,,,,,,,,,,,,,,,,,,,,,,,,,,,,,"105Y2S"
10010,嘉義縣,10010040,大林鎮,41,6,1,3,14,16,1,,,1755.38,420.43,53.98,148.03,694.33,420.13,18.48,,,2750000,8380000,8000000,2000000,3150000,2100000,1250000,,,80495,135324,148217,54858,71774,78839,67631,,,,,,,,,,,,,,,,,,,,,,,,,,,,,,,,,,,,,,,"105Y2S"
10010,嘉義縣,10010050,民雄鄉,98,16,1,17,27,37,,,,4304.37,1016.43,65.54,757.65,1349.32,1115.42,,,,3180000,7385000,7000000,3800000,3300000,2330000,,,,83719,121168,106806,82612,70814,73240,,,,5,,,4,1,,,,,167.57,,,127.51,40.06,,,,,2350000,,,2325000,2500000,,,,,74099,,,75005,62411,,,,,"105Y2S"
10010,嘉義縣,10010060,溪口鄉,4,,,,2,2,,,,115.4,,,,54.22,61.17,,,,2520663,,,,2675000,2520663,,,,65440,,,,60631,81532,,,,,,,,,,,,,,,,,,,,,,,,,,,,,,,,,,,,,,,,"105Y2S"
10010,嘉義縣,10010070,新港鄉,11,,,,7,4,,,,469.59,,,,342.79,126.8,,,,3050000,,,,4200000,2900000,,,,87788,,,,97256,86439,,,,,,,,,,,,,,,,,,,,,,,,,,,,,,,,,,,,,,,,"105Y2S"
10010,嘉義縣,10010080,六腳鄉,8,,,1,2,2,3,,,372.12,,,49.96,114.79,94.83,112.55,,,2225000,,,2250000,3750000,1536468,1569000,,,41327,,,45038,67374,30951,37615,,,,,,,,,,,,,,,,,,,,,,,,,,,,,,,,,,,,,,,"105Y2S"
10010,嘉義縣,10010090,東石鄉,7,,,1,3,3,,,,255.33,,,11.04,132.57,111.71,,,,1800000,,,3980000,1800000,1100000,,,,46531,,,360466,46531,27884,,,,,,,,,,,,,,,,,,,,,,,,,,,,,,,,,,,,,,,,"105Y2S"
10010,嘉義縣,10010100,義竹鄉,8,1,4,,1,2,,,,827.12,57.72,662.01,,44.15,63.24,,,,8487500,5100000,11875000,,3500000,2120000,,,,71752,88353,71752,,79275,66264,,,,,,,,,,,,,,,,,,,,,,,,,,,,,,,,,,,,,,,,"105Y2S"
10010,嘉義縣,10010110,鹿草鄉,2,1,,,,1,,,,84.06,55.19,,,,28.87,,,,3700000,6400000,,,,1000000,,,,75297,115961,,,,34634,,,,,,,,,,,,,,,,,,,,,,,,,,,,,,,,,,,,,,,,"105Y2S"
10010,嘉義縣,10010120,水上鄉,93,27,,6,19,39,1,1,,6388.09,1569,,292.56,3405.74,1089.49,12.48,18.82,,3600000,6850000,,4150000,4000000,2200000,800000,1350000,,96005,111034,,92320,82998,88609,64112,71749,,2,,,2,,,,,,69.51,,,69.51,,,,,,1675000,,,1675000,,,,,,48220,,,48220,,,,,,"105Y2S"
10010,嘉義縣,10010130,中埔鄉,25,1,,4,5,14,1,,,935.68,60.42,,181.81,242.92,427.96,22.57,,,2900000,15600000,,3137500,3400000,2640000,3200000,,,83744,258200,,74414,67026,83764,141803,,,,,,,,,,,,,,,,,,,,,,,,,,,,,,,,,,,,,,,"105Y2S"
10010,嘉義縣,10010140,竹崎鄉,11,,,,3,8,,,,324.9,,,,128.48,196.42,,,,2200000,,,,3180000,1625000,,,,76731,,,,75509,80445,,,,,,,,,,,,,,,,,,,,,,,,,,,,,,,,,,,,,,,,"105Y2S"
10010,嘉義縣,10010150,梅山鄉,9,2,,,2,4,1,,,429.3,144.89,,,140.08,116.07,28.27,,,2700000,8450000,,,7350000,1750000,1000000,,,93068,116650,,,102094,69452,35379,,,,,,,,,,,,,,,,,,,,,,,,,,,,,,,,,,,,,,,"105Y2S"
10010,嘉義縣,10010160,番路鄉,10,,,2,6,2,,,,560.16,,,104.56,394.42,61.18,,,,3875000,,,3924000,4750000,1633500,,,,72355,,,75628,88185,53397,,,,,,,,,,,,,,,,,,,,,,,,,,,,,,,,,,,,,,,,"105Y2S"
10010,嘉義縣,10010170,大埔鄉,,,,,,,,,,,,,,,,,,,,,,,,,,,,,,,,,,,,,,,,,,,,,,,,,,,,,,,,,,,,,,,,,,,,,,,,,"105Y2S"
10010,嘉義縣,10010180,阿里山鄉,,,,,,,,,,,,,,,,,,,,,,,,,,,,,,,,,,,,,,,,,,,,,,,,,,,,,,,,,,,,,,,,,,,,,,,,,"105Y2S"
10013,屏東縣,10013010,屏東市,452,95,18,57,126,119,15,1,21,19400.03,5849.14,716.2,2644.19,4837.99,4187.12,543.39,10.75,611.25,3680000,8800000,6795000,3450000,2650000,2900000,2850000,3000000,2980000,103190,150781,124577,84002,76476,98130,105809,278969,121148,47,12,2,22,11,,,,,2262.1,418.76,152.26,1142.26,548.82,,,,,3700000,4593226,9650000,3460000,3380000,,,,,82136,146270,133795,73208,72015,,,,,"105Y2S"
10013,屏東縣,10013020,潮州鎮,124,43,2,9,45,16,7,1,1,8284.39,4335.54,96.32,466.29,2185.42,933.74,239.17,17.54,10.37,5100000,9980000,5750000,5000000,2880000,3625000,4150000,800000,9840,107705,153590,119126,102862,62944,96187,112074,45597,949,4,,,1,3,,,,,165.62,,,45.09,120.53,,,,,2530000,,,2860000,2200000,,,,,62403,,,63428,61378,,,,,"105Y2S"
10013,屏東縣,10013030,東港鎮,67,25,2,6,20,13,1,,,3580.05,1708.48,151.35,331.61,934.5,406.07,48.05,,,6300000,11000000,15500000,6050000,3200000,2500000,2360000,,,110374,191879,196071,95807,72179,89953,49120,,,4,3,,,1,,,,,290.19,246.46,,,43.73,,,,,15940000,16380000,,,3100000,,,,,189466,196819,,,70895,,,,,"105Y2S"
10013,屏東縣,10013040,恆春鎮,49,9,2,,27,8,2,,1,1762.27,893.25,115.52,,441.18,241.33,44.07,,26.9,2200000,22000000,10650000,,800000,3955930,3686360,,16200000,128250,187205,185365,,77340,140668,164720,,602269,,,,,,,,,,,,,,,,,,,,,,,,,,,,,,,,,,,,,"105Y2S"
10013,屏東縣,10013050,萬丹鄉,43,13,3,4,15,4,2,,2,9803.72,799.35,531.21,179.38,8073.84,99.6,49.22,,71.13,3350000,6500000,7200000,2800000,3000000,2265000,4300000,,2850000,73620,108595,70702,72584,56325,104001,193157,,77619,,,,,,,,,,,,,,,,,,,,,,,,,,,,,,,,,,,,,"105Y2S"
10013,屏東縣,10013060,長治鄉,32,8,2,8,10,3,1,,,2003.67,523.91,113.35,794.97,435.54,101.83,34.08,,,5175000,10050000,11054500,6425000,3025000,2200000,7300000,,,105233,148107,229105,116691,71782,69396,214204,,,2,,,,2,,,,,85.3,,,,85.3,,,,,2630000,,,,2630000,,,,,61787,,,,61787,,,,,"105Y2S"
10013,屏東縣,10013070,麟洛鄉,8,1,2,3,1,1,,,,442.04,62.65,115.08,163.17,64.3,36.84,,,,5800000,9800000,4805000,5800000,45000000,2000000,,,,101126,156423,83542,101249,699851,54282,,,,,,,,,,,,,,,,,,,,,,,,,,,,,,,,,,,,,,,,"105Y2S"
10013,屏東縣,10013080,九如鄉,42,29,,4,6,3,,,,3122.29,1968.87,,747.55,313.02,92.84,,,,8250000,9000000,,5525000,2450000,1200000,,,,125471,132426,,80042,51811,36098,,,,,,,,,,,,,,,,,,,,,,,,,,,,,,,,,,,,,,,,"105Y2S"
10013,屏東縣,10013090,里港鄉,16,4,1,1,2,4,1,,3,946.79,272.46,285.65,61.9,94.43,125.27,8.71,,98.36,3275000,8700000,12000000,14500000,2050000,1600000,8200000,,1880000,68089,131371,42009,234247,43632,48946,941230,,69830,,,,,,,,,,,,,,,,,,,,,,,,,,,,,,,,,,,,,"105Y2S"
10013,屏東縣,10013100,鹽埔鄉,20,9,,,4,4,1,,2,1545.12,655.56,,,246.82,514.12,47.66,,80.97,5725000,7100000,,,2275000,12950000,1865868,,1228000,86437,91973,,,47413,87711,39153,,30250,1,,,,1,,,,,44.27,,,,44.27,,,,,1000000,,,,1000000,,,,,22588,,,,22588,,,,,"105Y2S"
10013,屏東縣,10013110,高樹鄉,8,,,,6,,,,2,450.71,,,,278.85,,,,171.86,1640000,,,,1640000,,,,1600000,35136,,,,39564,,,,18943,,,,,,,,,,,,,,,,,,,,,,,,,,,,,,,,,,,,,"105Y2S"
10013,屏東縣,10013120,萬巒鄉,6,1,,,4,1,,,,340.64,68.93,,,221.26,50.45,,,,1790000,6800000,,,1400000,980000,,,,32781,98646,,,24988,19426,,,,,,,,,,,,,,,,,,,,,,,,,,,,,,,,,,,,,,,,"105Y2S"
10013,屏東縣,10013130,內埔鄉,61,12,,10,25,13,1,,,2819.24,780.65,,270.65,1335.75,382.99,49.2,,,3000000,8500000,,1020000,2680000,2550000,4800000,,,79032,135431,,74174,59625,92513,97564,,,2,,,,2,,,,,59.15,,,,59.15,,,,,1575000,,,,1575000,,,,,53299,,,,53299,,,,,"105Y2S"
10013,屏東縣,10013140,竹田鄉,3,,,,2,1,,,,117.23,,,,87.95,29.28,,,,1750000,,,,2175000,800000,,,,36743,,,,50611,27321,,,,,,,,,,,,,,,,,,,,,,,,,,,,,,,,,,,,,,,,"105Y2S"
10013,屏東縣,10013150,新埤鄉,10,,,,7,2,,1,,332.93,,,,263.58,63.13,,6.23,,1500000,,,,1250000,2050000,,190000,,38662,,,,32612,65001,,30520,,,,,,,,,,,,,,,,,,,,,,,,,,,,,,,,,,,,,,"105Y2S"
10013,屏東縣,10013160,枋寮鄉,18,1,,3,7,4,2,,1,752.63,54.85,,109.25,291.57,161.54,99.84,,35.57,2400000,3000000,,2900000,2300000,2385000,1150000,,4500000,58156,54692,,76311,57392,73321,21969,,126497,,,,,,,,,,,,,,,,,,,,,,,,,,,,,,,,,,,,,"105Y2S"
10013,屏東縣,10013170,新園鄉,17,8,,2,,5,1,,1,806.37,471.9,,84.55,,183.03,36.94,,29.94,5800000,9180000,,2425000,,2500000,5320000,,3500000,130694,160340,,73100,,72242,144012,,116895,,,,,,,,,,,,,,,,,,,,,,,,,,,,,,,,,,,,,"105Y2S"
10013,屏東縣,10013180,崁頂鄉,6,,,1,5,,,,,287.02,,,51.03,236,,,,,2360000,,,2550000,2170000,,,,,48382,,,49972,46791,,,,,,,,,,,,,,,,,,,,,,,,,,,,,,,,,,,,,,,,,"105Y2S"
10013,屏東縣,10013190,林邊鄉,4,,,1,2,1,,,,148.56,,,34.45,85.93,28.18,,,,1725000,,,1300000,2650000,1650000,,,,55736,,,37731,60171,58557,,,,,,,,,,,,,,,,,,,,,,,,,,,,,,,,,,,,,,,,"105Y2S"
10013,屏東縣,10013200,南州鄉,4,,1,,1,2,,,,196.8,,16.52,,50.2,130.08,,,,2390000,,1250000,,1800000,5490000,,,,72099,,75682,,35855,80456,,,,,,,,,,,,,,,,,,,,,,,,,,,,,,,,,,,,,,,,"105Y2S"
10013,屏東縣,10013210,佳冬鄉,11,4,,1,4,2,,,,597.99,264.36,,95.4,182.98,55.25,,,,3000000,7950000,,4500000,2690000,1010000,,,,56854,121351,,47172,56733,32067,,,,,,,,,,,,,,,,,,,,,,,,,,,,,,,,,,,,,,,,"105Y2S"
10013,屏東縣,10013220,琉球鄉,7,5,,,,2,,,,349.01,255.88,,,,93.12,,,,8300000,13500000,,,,1399603,,,,106713,401585,,,,30203,,,,,,,,,,,,,,,,,,,,,,,,,,,,,,,,,,,,,,,,"105Y2S"
10013,屏東縣,10013230,車城鄉,8,1,,,5,2,,,,212.96,20.82,,,124.46,67.69,,,,1550000,1500000,,,1600000,1340000,,,,63691,72053,,,62293,41936,,,,,,,,,,,,,,,,,,,,,,,,,,,,,,,,,,,,,,,,"105Y2S"
10013,屏東縣,10013240,滿州鄉,1,,,,1,,,,,15.4,,,,15.4,,,,,3800000,,,,3800000,,,,,246797,,,,246797,,,,,,,,,,,,,,,,,,,,,,,,,,,,,,,,,,,,,,,,,"105Y2S"
10013,屏東縣,10013250,枋山鄉,,,,,,,,,,,,,,,,,,,,,,,,,,,,,,,,,,,,,,,,,,,,,,,,,,,,,,,,,,,,,,,,,,,,,,,,,"105Y2S"
10013,屏東縣,10013260,三地門鄉,3,,,,3,,,,,123.94,,,,123.94,,,,,1093000,,,,1093000,,,,,26030,,,,26030,,,,,,,,,,,,,,,,,,,,,,,,,,,,,,,,,,,,,,,,,"105Y2S"
10013,屏東縣,10013270,霧臺鄉,,,,,,,,,,,,,,,,,,,,,,,,,,,,,,,,,,,,,,,,,,,,,,,,,,,,,,,,,,,,,,,,,,,,,,,,,"105Y2S"
10013,屏東縣,10013280,瑪家鄉,,,,,,,,,,,,,,,,,,,,,,,,,,,,,,,,,,,,,,,,,,,,,,,,,,,,,,,,,,,,,,,,,,,,,,,,,"105Y2S"
10013,屏東縣,10013290,泰武鄉,1,,,,1,,,,,34.9,,,,34.9,,,,,300000,,,,300000,,,,,8596,,,,8596,,,,,,,,,,,,,,,,,,,,,,,,,,,,,,,,,,,,,,,,,"105Y2S"
10013,屏東縣,10013300,來義鄉,,,,,,,,,,,,,,,,,,,,,,,,,,,,,,,,,,,,,,,,,,,,,,,,,,,,,,,,,,,,,,,,,,,,,,,,,"105Y2S"
10013,屏東縣,10013310,春日鄉,,,,,,,,,,,,,,,,,,,,,,,,,,,,,,,,,,,,,,,,,,,,,,,,,,,,,,,,,,,,,,,,,,,,,,,,,"105Y2S"
10013,屏東縣,10013320,獅子鄉,2,,,,2,,,,,69.14,,,,69.14,,,,,965000,,,,965000,,,,,28163,,,,28163,,,,,,,,,,,,,,,,,,,,,,,,,,,,,,,,,,,,,,,,,"105Y2S"
10013,屏東縣,10013330,牡丹鄉,1,,,,1,,,,,27.27,,,,27.27,,,,,50000,,,,50000,,,,,1833,,,,1833,,,,,,,,,,,,,,,,,,,,,,,,,,,,,,,,,,,,,,,,,"105Y2S"
10014,臺東縣,10014010,臺東市,168,35,6,19,41,40,16,3,8,7657.97,2536.32,354.95,769.03,2010.3,1388.23,352.67,42.85,203.62,4349000,10000000,6607500,3200000,3800000,3950000,2150000,3550000,5500000,118595,144098,106910,101086,97541,117009,106049,259981,215965,,,,,,,,,,,,,,,,,,,,,,,,,,,,,,,,,,,,,"105Y2S"
10014,臺東縣,10014020,成功鎮,9,,,,3,4,2,,,496.82,,,,155.59,167.41,173.83,,,3000000,,,,3000000,4165000,190750,,,49701,,,,49701,99226,2195,,,,,,,,,,,,,,,,,,,,,,,,,,,,,,,,,,,,,,,"105Y2S"
10014,臺東縣,10014030,關山鎮,7,1,1,2,1,2,,,,337.28,55.96,44.58,125.8,41.48,69.46,,,,5000000,9300000,5000000,6500000,2000000,2225000,,,,103341,166201,112159,103341,48210,64911,,,,,,,,,,,,,,,,,,,,,,,,,,,,,,,,,,,,,,,,"105Y2S"
10014,臺東縣,10014040,卑南鄉,12,,1,1,6,4,,,,426.34,,42.66,51.41,159.97,172.3,,,,2250000,,3300000,4500000,815000,3390000,,,,68405,,77353,87537,58573,76279,,,,,,,,,,,,,,,,,,,,,,,,,,,,,,,,,,,,,,,,"105Y2S"
10014,臺東縣,10014050,鹿野鄉,1,,1,,,,,,,10.89,,10.89,,,,,,,2250000,,2250000,,,,,,,206612,,206612,,,,,,,,,,,,,,,,,,,,,,,,,,,,,,,,,,,,,,,,,,,"105Y2S"
10014,臺東縣,10014060,池上鄉,7,,,1,,3,1,,2,258.24,,,35.9,,98.19,26.51,,97.65,7500000,,,3780000,,7500000,5150000,,14250000,194258,,,105299,,175715,194258,,298388,,,,,,,,,,,,,,,,,,,,,,,,,,,,,,,,,,,,,"105Y2S"
10014,臺東縣,10014070,東河鄉,3,,,,,3,,,,90.89,,,,,90.89,,,,1500000,,,,,1500000,,,,52054,,,,,52054,,,,,,,,,,,,,,,,,,,,,,,,,,,,,,,,,,,,,,,,"105Y2S"
10014,臺東縣,10014080,長濱鄉,2,,,,1,1,,,,140.93,,,,57.26,83.66,,,,2500000,,,,3000000,2000000,,,,38148,,,,52390,23906,,,,,,,,,,,,,,,,,,,,,,,,,,,,,,,,,,,,,,,,"105Y2S"
10014,臺東縣,10014090,太麻里鄉,3,,,,3,,,,,99.45,,,,99.45,,,,,1750000,,,,1750000,,,,,54305,,,,54305,,,,,,,,,,,,,,,,,,,,,,,,,,,,,,,,,,,,,,,,,"105Y2S"
10014,臺東縣,10014100,大武鄉,2,,,1,,,1,,,82.43,,,51.28,,,31.15,,,1900000,,,2800000,,,1000000,,,43355,,,54602,,,32107,,,,,,,,,,,,,,,,,,,,,,,,,,,,,,,,,,,,,,,"105Y2S"
10014,臺東縣,10014110,綠島鄉,,,,,,,,,,,,,,,,,,,,,,,,,,,,,,,,,,,,,,,,,,,,,,,,,,,,,,,,,,,,,,,,,,,,,,,,,"105Y2S"
10014,臺東縣,10014120,海端鄉,,,,,,,,,,,,,,,,,,,,,,,,,,,,,,,,,,,,,,,,,,,,,,,,,,,,,,,,,,,,,,,,,,,,,,,,,"105Y2S"
10014,臺東縣,10014130,延平鄉,1,,,1,,,,,,38.12,,,38.12,,,,,,3100000,,,3100000,,,,,,81333,,,81333,,,,,,,,,,,,,,,,,,,,,,,,,,,,,,,,,,,,,,,,,,"105Y2S"
10014,臺東縣,10014140,金峰鄉,,,,,,,,,,,,,,,,,,,,,,,,,,,,,,,,,,,,,,,,,,,,,,,,,,,,,,,,,,,,,,,,,,,,,,,,,"105Y2S"
10014,臺東縣,10014150,達仁鄉,,,,,,,,,,,,,,,,,,,,,,,,,,,,,,,,,,,,,,,,,,,,,,,,,,,,,,,,,,,,,,,,,,,,,,,,,"105Y2S"
10014,臺東縣,10014160,蘭嶼鄉,,,,,,,,,,,,,,,,,,,,,,,,,,,,,,,,,,,,,,,,,,,,,,,,,,,,,,,,,,,,,,,,,,,,,,,,,"105Y2S"
10015,花蓮縣,10015010,花蓮市,353,22,8,64,165,62,24,2,6,12392.2,1733.13,492.91,2173.25,4653.34,2606.5,588.18,37.76,107.13,4000000,17600000,13600000,3613600,2800000,5115000,5050000,16500000,7200000,143621,235094,223410,141246,134425,156435,222727,873916,328120,5,,,,5,,,,,134.54,,,,134.54,,,,,3150000,,,,3150000,,,,,142539,,,,142539,,,,,"105Y2S"
10015,花蓮縣,10015020,鳳林鎮,6,1,,1,1,2,,,1,256.86,113.42,,44.29,28.5,58.91,,,11.74,3100000,5000000,,3500000,1700000,3525000,,,833333,75004,44084,,79026,59652,118440,,,70982,,,,,,,,,,,,,,,,,,,,,,,,,,,,,,,,,,,,,"105Y2S"
10015,花蓮縣,10015030,玉里鎮,11,,1,1,,6,1,,2,433,,55.59,31.22,,222.38,55.99,,67.81,2800862,,15000000,1900000,,2500000,2800862,,6750000,81149,,269816,60862,,79974,50022,,206017,,,,,,,,,,,,,,,,,,,,,,,,,,,,,,,,,,,,,"105Y2S"
10015,花蓮縣,10015040,新城鄉,48,14,,10,6,15,2,,1,2730.4,1366.83,,697.91,241.61,375.27,23.71,,25.07,5375000,10093750,,7575000,4475000,3100000,2350000,,3700000,129741,165005,,130456,101711,109937,213132,,147580,,,,,,,,,,,,,,,,,,,,,,,,,,,,,,,,,,,,,"105Y2S"
10015,花蓮縣,10015050,吉安鄉,218,49,8,52,42,56,5,,6,11652.83,3993.03,463.03,2856.78,1994.42,1922.41,228.59,,194.56,7085000,12800000,13500000,7300000,5079000,5450000,11000000,,8147875,154404,183639,203151,132529,142537,174343,260275,,175279,,,,,,,,,,,,,,,,,,,,,,,,,,,,,,,,,,,,,"105Y2S"
10015,花蓮縣,10015060,壽豐鄉,13,1,1,3,5,1,1,,1,641.87,81.88,18.2,96.24,310.73,90.19,17.37,,27.27,3268000,3900000,4250000,730000,3250000,3268000,4000000,,2700000,66389,47632,233459,66389,63802,36236,230248,,99020,17,,,17,,,,,,724.27,,,724.27,,,,,,3000000,,,3000000,,,,,,67361,,,67361,,,,,,"105Y2S"
10015,花蓮縣,10015070,光復鄉,6,,,,2,4,,,,191.94,,,,60.55,131.38,,,,1750000,,,,2000000,1196370,,,,56831,,,,66236,44258,,,,,,,,,,,,,,,,,,,,,,,,,,,,,,,,,,,,,,,,"105Y2S"
10015,花蓮縣,10015080,豐濱鄉,,,,,,,,,,,,,,,,,,,,,,,,,,,,,,,,,,,,,,,,,,,,,,,,,,,,,,,,,,,,,,,,,,,,,,,,,"105Y2S"
10015,花蓮縣,10015090,瑞穗鄉,5,,,1,,3,,,1,173.02,,,45.68,,104.17,,,23.17,2950000,,,2950000,,2800000,,,18000000,80082,,,64583,,80082,,,776918,,,,,,,,,,,,,,,,,,,,,,,,,,,,,,,,,,,,,"105Y2S"
10015,花蓮縣,10015100,富里鄉,3,,,1,,2,,,,96.67,,,30.86,,65.81,,,,3100000,,,4000000,,2540000,,,,92349,,,129601,,76881,,,,,,,,,,,,,,,,,,,,,,,,,,,,,,,,,,,,,,,,"105Y2S"
10015,花蓮縣,10015110,秀林鄉,8,,,2,4,1,,,1,250.3,,,63.91,130.18,32.25,,,23.96,1655000,,,1505000,2135000,2200000,,,1500000,68122,,,69559,77303,68212,,,62610,,,,,,,,,,,,,,,,,,,,,,,,,,,,,,,,,,,,,"105Y2S"
10015,花蓮縣,10015120,萬榮鄉,2,,,1,1,,,,,54.47,,,39.98,14.49,,,,,1030000,,,2000000,60000,,,,,27080,,,50019,4141,,,,,,,,,,,,,,,,,,,,,,,,,,,,,,,,,,,,,,,,,"105Y2S"
10015,花蓮縣,10015130,卓溪鄉,1,,,,,1,,,,21.23,,,,,21.23,,,,100000,,,,,100000,,,,4711,,,,,4711,,,,,,,,,,,,,,,,,,,,,,,,,,,,,,,,,,,,,,,,"105Y2S"
10016,澎湖縣,10016010,馬公市,49,12,4,3,11,13,2,1,3,2483.79,994.46,321.5,142.25,406.08,531.15,52.36,4.51,31.48,4600000,12770000,8700000,5060000,4150000,3358933,3050000,2100000,810000,112403,150131,125754,101870,101056,169414,104248,465604,164729,8,,3,1,4,,,,,407.07,,162.04,43.03,201.99,,,,,4480000,,4300000,6360000,4750000,,,,,82242,,78410,147791,91180,,,,,"105Y2S"
10016,澎湖縣,10016020,湖西鄉,5,,,3,,,,2,,209.49,,,155.63,,,,53.86,,3600000,,,3600000,,,,2853333,,78358,,,78358,,,,95315,,,,,,,,,,,,,,,,,,,,,,,,,,,,,,,,,,,,,,"105Y2S"
10016,澎湖縣,10016030,白沙鄉,3,,,,,1,,,2,29.92,,,,,20.1,,,9.82,350000,,,,,440400,,,325000,52169,,,,,21913,,,69097,,,,,,,,,,,,,,,,,,,,,,,,,,,,,,,,,,,,,"105Y2S"
10016,澎湖縣,10016040,西嶼鄉,2,,,,,,,,2,13.36,,,,,,,,13.36,1325000,,,,,,,,1325000,276627,,,,,,,,276627,,,,,,,,,,,,,,,,,,,,,,,,,,,,,,,,,,,,,"105Y2S"
10016,澎湖縣,10016050,望安鄉,,,,,,,,,,,,,,,,,,,,,,,,,,,,,,,,,,,,,,,,,,,,,,,,,,,,,,,,,,,,,,,,,,,,,,,,,"105Y2S"
10016,澎湖縣,10016060,七美鄉,,,,,,,,,,,,,,,,,,,,,,,,,,,,,,,,,,,,,,,,,,,,,,,,,,,,,,,,,,,,,,,,,,,,,,,,,"105Y2S"
10017,基隆市,10017010,中正區,275,106,4,79,31,43,9,2,1,7413.17,2900.18,98.75,1787.03,1105.7,1116.26,353.6,48.03,3.62,3280000,3500000,4125000,2400000,3500000,2500000,2900000,2800000,130000,137753,171087,176926,111525,120806,92786,104262,115230,35932,32,2,,29,1,,,,,1398.96,136.25,,1216.83,45.88,,,,,4425000,12000000,,4300000,4700000,,,,,111077,174533,,110362,102441,,,,,"105Y2S"
10017,基隆市,10017020,七堵區,87,14,8,4,31,25,3,2,,3652.71,607.77,620.56,111.12,1002.5,688.3,61.54,560.91,,5100000,8325000,10700000,3550000,4250000,4750000,4200000,101500000,,164303,198314,138884,156929,162602,158805,214695,361911,,18,4,3,6,5,,,,,1045,245.56,248.56,309.96,240.92,,,,,8825000,12100000,9700000,7580000,5693415,,,,,168582,186745,176961,176577,122395,,,,,"105Y2S"
10017,基隆市,10017030,暖暖區,99,8,8,11,43,26,3,,,3092.29,279.49,344.08,331.63,1356.07,710.65,70.37,,,3200000,6250000,6990000,3200000,2700000,2725000,4000000,,,114599,196813,158600,131935,91371,97561,200505,,,48,16,15,4,13,,,,,2016.35,660.93,716.44,149.1,489.88,,,,,5625000,6135000,5450000,6000000,3500000,,,,,134699,169441,126948,148828,105287,,,,,"105Y2S"
10017,基隆市,10017040,仁愛區,69,,6,5,10,23,16,7,2,1788.48,,114.17,230.01,310.96,561.55,350.94,193.77,27.07,3900000,,5575000,7700000,4555000,2700000,2900000,3250000,3350000,170245,,330869,173777,165956,140702,179534,138601,243232,3,,,3,,,,,,137.95,,,137.95,,,,,,9000000,,,9000000,,,,,,192739,,,192739,,,,,,"105Y2S"
10017,基隆市,10017050,中山區,96,12,1,18,31,21,10,1,2,3004.76,606.22,84.52,588.1,976.49,490.43,228.25,5.7,25.06,2540000,9865000,13800000,3300000,2100000,2400000,1840000,300000,1650000,101058,196071,163284,125709,74698,101320,106095,52640,119802,3,,,2,1,,,,,105.54,,,59.21,46.33,,,,,3420000,,,3235000,3500000,,,,,106941,,,109473,75544,,,,,"105Y2S"
10017,基隆市,10017060,安樂區,1134,983,6,26,63,52,4,,,43765.02,39283.29,417.92,823.92,1867.83,1295.21,76.86,,,6465000,7020000,11510000,4275000,3330000,2800000,2000000,,,187588,191646,164583,161167,130170,118880,105360,,,193,158,1,9,24,1,,,,8661.41,6989.53,76.38,400.68,1169.65,25.18,,,,8430000,9110000,10400000,6000000,5815000,5700000,,,,215476,220444,136170,127294,123456,226396,,,,"105Y2S"
10017,基隆市,10017070,信義區,113,8,3,26,40,17,12,4,3,3446.58,358.58,178.8,896.28,1091.57,477.02,289.62,82.26,72.45,3600000,10675000,10100000,3600000,2965000,4200000,3250000,5850000,7160000,133235,257765,157589,138534,110411,127878,144120,273839,342291,35,14,2,10,9,,,,,2005.04,1080.61,99.35,448.83,376.25,,,,,6000000,18700000,5379200,5225000,4300000,,,,,126378,227003,109905,118674,104783,,,,,"105Y2S"
10018,新竹市,10018010,東區,421,197,24,58,72,38,7,2,23,16958.04,8753.51,690.04,2417.27,2546.66,1496.73,236.96,74.26,742.63,8570000,9950000,4050000,8030000,5000000,4975000,8830000,14775500,5550000,232052,245910,236744,203784,159696,190387,243293,408951,180860,483,322,70,48,37,1,,,5,28393.83,20984.85,3512.22,2123.99,1556.1,48.69,,,167.98,11800000,13335000,11630000,6605000,6700000,4550000,,,4750000,221173,224566,230561,189442,160789,93442,,,135761,"105Y2S"
10018,新竹市,10018020,北區,310,157,21,39,45,15,5,,28,13033.46,8161.84,621.93,1215.45,1437.11,479.9,219.76,,897.47,6185000,13770000,2900000,4150000,4000000,4400000,10000000,,4455000,171443,261534,197179,147092,134567,152509,290754,,159492,261,121,61,41,32,1,,,5,14472.83,8199.33,2807.01,1923.28,1306.69,26.79,,,209.72,8300000,17940000,6700000,7500000,5700000,3020000,,,6950000,178242,271885,153237,155972,142522,112718,,,164771,"105Y2S"
10018,新竹市,10018030,香山區,112,18,22,27,27,9,1,1,7,5321.41,1211.87,942.76,1116.98,1448.61,331.68,17.77,13.92,237.82,6325000,10835000,4690000,1750000,4900000,6900000,5300000,12800000,4500000,133065,181563,131737,106005,114181,176325,298173,919671,150309,44,12,11,15,6,,,,,1933.68,537.06,558.47,474.65,363.5,,,,,6450000,7250000,7550000,4600000,3880000,,,,,151851,171543,154367,114461,91675,,,,,"105Y2S"
10020,嘉義市,10020010,東區,242,34,6,26,98,51,23,4,,8959.49,2386.2,209.39,1336.93,3002.28,1386.71,572.07,65.91,,3425000,11650000,7500000,4530000,2800000,3200000,3570000,3545000,,108202,194405,207268,105655,92302,112648,146481,217969,,22,3,,5,14,,,,,984.98,236.09,,216.71,532.18,,,,,4150000,15000000,,4200000,3440000,,,,,94364,214643,,92470,88445,,,,,"105Y2S"
10020,嘉義市,10020020,西區,271,51,13,39,111,34,15,8,,12021.84,3384.05,841.38,1744.88,4252.72,1078.16,387.73,332.92,,4100000,13200000,10500000,5200000,3200000,3150000,3550000,11650000,,109242,211229,180691,99994,89808,119825,131600,266556,,38,3,,20,15,,,,,1784.86,213.22,,995.16,576.48,,,,,4250000,18390000,,5050000,3580000,,,,,93719,228161,,92172,93830,,,,,"105Y2S"
63000,臺北市,63000010,松山區,257,7,14,22,45,95,22,3,49,7915.16,608.35,229.37,636.98,1217.95,2973.44,595.6,76.98,1576.5,18100000,20500000,12400000,11550000,17000000,18750000,17800000,22000000,22180000,672565,1000015,854284,657139,671435,667939,626739,603145,715490,54,8,14,15,10,7,,,,3269.51,759.31,672.99,865.21,512.36,459.63,,,,35750000,109440000,29530000,40800000,34940000,25000000,,,,663957,877182,648368,625009,637988,740245,,,,"105Y2S"
63000,臺北市,63000020,信義區,243,3,28,16,46,57,21,1,71,6651.21,130.72,525.1,277.31,1498.23,1729.76,523.31,13.42,1953.37,15680000,25700000,11725000,12300000,18030000,16000000,16000000,18000000,16000000,631934,893286,970479,860246,604683,585813,619893,1340787,565339,47,5,12,12,16,2,,,,2309.77,213.09,456.67,591.35,995.2,53.46,,,,23166667,30000000,21100000,24583333,29090000,4140000,,,,693868,891497,731911,735164,547254,154889,,,,"105Y2S"
63000,臺北市,63000030,大安區,291,11,21,11,47,78,20,1,102,8884.1,718.17,235.58,234.45,1460.28,2580.51,597.61,29.75,3027.75,21000000,64890000,10950000,13500000,23000000,23400000,20800000,21420000,21250000,800629,1293404,1056134,913074,768164,775433,778401,720052,753306,69,22,17,15,11,2,,,2,3590.34,1077.29,692.61,977.46,622.24,83.32,,,137.43,25000000,8000000,33750000,36800000,35500000,30150000,,,68040000,761338,188727,848259,745554,766687,707829,,,1023874,"105Y2S"
63000,臺北市,63000040,中山區,478,51,49,45,61,191,38,,43,12632.09,2016.63,1010.27,909.04,1706.52,4623.67,1103.45,,1262.5,11300000,24300000,10800000,10000000,10200000,10000000,15390000,,17650000,602751,902975,745961,657335,539511,520764,561380,,597971,126,32,50,31,9,4,,,,6129.08,1836.49,1849.91,1761.99,496.06,184.62,,,,23000000,24165000,21840000,21800000,42680000,29665000,,,,645883,666534,644695,605772,747663,735141,,,,"105Y2S"
63000,臺北市,63000050,中正區,195,15,25,22,24,47,18,2,42,5525.11,723.12,492.86,314.91,927.17,1276.39,454.93,32.72,1303.02,13650000,40360000,11780000,10184000,14140000,18800000,12155000,5975000,13990000,685244,929418,897237,837712,651874,612523,521379,419825,663686,38,14,14,7,2,1,,,,2189.66,1007.28,655.56,415.38,84.37,27.06,,,,35690000,49900000,25300000,43500000,24550000,16400000,,,,746661,747738,751495,851478,585561,605956,,,,"105Y2S"
63000,臺北市,63000060,大同區,158,7,12,8,22,58,13,5,33,3462.71,315.34,182.93,168.69,565.61,1294.94,274.13,66.51,594.56,9940000,28000000,7700000,10190000,10725000,10250000,9200000,12500000,6500000,527567,642506,710128,590244,497957,469477,425877,998159,559625,39,15,13,9,1,1,,,,2860.2,665.13,506.48,1578.49,67.82,42.28,,,,21000000,23000000,17300000,19200000,28200000,21000000,,,,546548,615822,546548,450853,415822,496719,,,,"105Y2S"
63000,臺北市,63000070,萬華區,725,475,4,14,40,91,46,3,52,16026.36,10667.93,79.7,317.84,1094.48,1769.82,824.6,42.29,1229.72,12510000,13660000,11400000,9110000,10775000,6220000,6300000,8700000,8550000,678402,700060,642236,523094,437486,369759,339941,717342,434632,66,39,9,15,3,,,,,2956.65,1881.58,398.05,560.67,116.36,,,,,24000000,27500000,18500000,18000000,13500000,,,,,523185,540283,424356,508032,352373,,,,,"105Y2S"
63000,臺北市,63000080,文山區,287,53,18,35,37,64,10,3,67,9942.13,2395.84,470.61,1219.63,1715.64,1908.84,253,39.22,1939.35,12000000,28720000,13750000,11000000,12280000,11500000,10020000,9900000,11000000,450405,593818,529097,448514,443531,382309,403816,839161,430407,163,43,72,24,24,,,,,8544.13,2706.92,3719.11,1035.06,1083.04,,,,,21830000,27000000,23225000,14090000,17250000,,,,,429993,471306,445058,344339,389767,,,,,"105Y2S"
63000,臺北市,63000090,南港區,128,25,11,23,14,5,12,,38,4709.18,1435.63,383.94,704.55,780.04,141.02,244.26,,1019.74,13780000,37430000,17080000,14100000,15025000,13600000,9625000,,9450000,475645,656735,676953,411775,397844,425479,414729,,394245,93,32,38,20,3,,,,,6987.24,1697.9,2041.91,3076.96,170.46,,,,,28880000,24750000,29620000,51500000,28500000,,,,,558685,568441,562583,503258,544029,,,,,"105Y2S"
63000,臺北市,63000100,內湖區,355,65,32,46,65,141,2,,4,13992.21,3766.14,962.62,1302.63,3403.45,4396.7,46.07,,114.6,14000000,26800000,10650000,11475000,13800000,13600000,8550000,,12250000,494984,656674,579400,526958,497360,450443,377274,,420473,177,37,59,58,21,2,,,,10889.98,2246.45,2894.73,4619.17,1065.04,64.6,,,,26150000,39000000,22000000,29640000,21000000,13450000,,,,528303,635238,536653,486770,450757,415752,,,,"105Y2S"
63000,臺北市,63000110,士林區,274,29,13,14,21,117,68,8,4,8469.27,1319.26,352.85,291.61,743.88,3751.84,1763.75,163.78,82.3,14900000,19000000,13300000,8912500,21600000,15900000,11500000,17055000,15290000,542387,766633,819481,493741,614093,518086,492424,786883,620840,59,8,16,19,10,6,,,,3459.47,486.08,968.1,1097.62,588.82,318.86,,,,32500000,25390000,37040000,40080000,26700000,27300000,,,,574776,530206,621247,650288,533053,510766,,,,"105Y2S"
63000,臺北市,63000120,北投區,290,66,16,18,25,114,48,3,,9406.57,3312.06,291.18,409.28,719.61,3258.77,1342.35,73.31,,12575000,32570000,8575000,8130000,11000000,11000000,12190000,21500000,,472011,646113,534044,497636,478186,375706,463738,1607011,,242,196,14,14,15,,3,,,13862.73,11502.01,627.52,528.83,856.89,,347.49,,,10675141,10510393,18485000,17040000,20750000,,62000000,,,180635,180635,414100,434502,437569,,535271,,,"105Y2S"
64000,高雄市,64000010,鹽埕區,78,,,2,7,63,2,3,1,1828.85,,,71.24,222.22,1156.04,90.06,235.89,53.41,810000,,,4765000,3600000,706667,7760000,4980000,2880000,72927,,,133507,139485,65347,171587,104819,53926,3,3,,,,,,,,190.21,190.21,,,,,,,,17000000,17000000,,,,,,,,247091,247091,,,,,,,,"105Y2S"
64000,高雄市,64000020,鼓山區,274,88,21,63,32,53,15,2,,10599.39,4482.31,879.83,2009.85,1100.42,1716.59,327.15,83.23,,6115000,7000000,5300000,5300000,3550000,3650000,4600000,9050000,,203499,291370,199283,188837,128301,141944,204965,215911,,430,293,50,75,12,,,,,26854.58,20280.63,2622.93,3373.88,577.14,,,,,15340000,17600000,9000000,8000000,7475000,,,,,245666,259692,200254,197822,148859,,,,,"105Y2S"
64000,高雄市,64000030,左營區,319,103,18,84,68,34,12,,,13032.32,4588.75,825.49,3538.39,2489.21,1142.54,447.94,,,5850000,8580000,4800000,5090000,4790000,3400000,3800000,,,179814,246012,162188,164786,142980,127857,161373,,,301,147,24,91,39,,,,,14717.08,7929.05,1025.85,4017.15,1745.03,,,,,7800000,9380000,6565000,6600000,5550000,,,,,194993,221966,164520,151206,144912,,,,,"105Y2S"
64000,高雄市,64000040,楠梓區,548,292,33,49,71,76,26,1,,21734.81,12923.93,1243.12,2002.47,2948.58,1970.08,614.74,31.9,,5050000,6065000,4320000,4330000,4270000,2475000,3675000,15300000,,157650,174442,154305,119992,105905,94467,144808,479690,,248,179,8,31,30,,,,,10871.04,8089.09,279.94,1239.99,1262.01,,,,,6375000,7150000,4725000,4650000,3980000,,,,,148034,154921,132210,116928,95254,,,,,"105Y2S"
64000,高雄市,64000050,三民區,661,138,29,71,159,194,63,7,,23042.87,5666.54,1308.15,2301.14,5684.18,5890.49,1968.83,223.54,,4500000,6690000,2560000,3650000,3300000,3127500,6280000,7900000,,152600,227964,175726,140947,116300,125778,222909,196670,,384,228,20,77,56,3,,,,26343.75,19445.87,1162.38,3239.74,2412.5,83.27,,,,8065000,9520000,8100000,5500000,5000000,6200000,,,,180117,217034,167390,138576,126154,178646,,,,"105Y2S"
64000,高雄市,64000060,新興區,203,79,,4,47,60,6,7,,6054.21,2391.86,,70.45,1721,1452.83,186.42,231.66,,5860000,6880000,,2880000,3920000,2052500,11000000,8135400,,185388,237877,,167742,123240,119792,362125,245248,,13,7,,2,3,1,,,,793.32,462.08,,112.67,173.01,45.55,,,,10500000,15800000,,8625000,11300000,7100000,,,,209013,246192,,156590,151987,155861,,,,"105Y2S"
64000,高雄市,64000070,前金區,72,12,6,8,15,22,4,5,,2550.04,364.55,475.84,214.06,589.25,635.85,144.69,125.81,,5317500,6300000,21250000,3990000,3500000,2750000,6650000,6200000,,164431,265000,293925,187383,128520,132786,182043,209142,,130,19,4,5,102,,,,,49212.74,1040.55,160.53,196.86,47814.8,,,,,168367347,10810000,6690000,6900000,168367347,,,,,346316,277749,209024,182523,346316,,,,,"105Y2S"
64000,高雄市,64000080,苓雅區,279,15,11,31,53,105,56,8,,8194.35,678.11,220.95,638.87,1736.66,3169.02,1544.59,206.15,,3800000,6700000,4700000,2980000,3500000,3300000,6005000,7008246,,151448,252107,229250,154524,136918,122807,218032,303842,,83,29,13,17,22,2,,,,5770.71,2218.47,1202.66,830.93,1382.95,135.71,,,,11500000,16000000,23500000,7080000,7425000,7330000,,,,202323,217127,246168,159245,130592,110572,,,,"105Y2S"
64000,高雄市,64000090,前鎮區,257,10,10,36,76,91,34,,,9855.14,781.45,855.92,1495,3284.63,2588.85,849.28,,,4177000,17840000,10840000,6400000,3988500,3000000,4500000,,,135881,243501,176382,163946,113554,115300,173989,,,110,54,12,29,15,,,,,5816.18,3102.48,723.56,1322.18,667.96,,,,,9400000,11325000,9400000,7200000,5360000,,,,,187096,218821,199255,158380,118730,,,,,"105Y2S"
64000,高雄市,64000100,旗津區,6,,,,2,3,,,1,622.16,,,,45.95,567.3,,,8.92,1751550,,,,1035214,5300000,,,1650000,111100,,,,41406,175857,,,184963,,,,,,,,,,,,,,,,,,,,,,,,,,,,,,,,,,,,,"105Y2S"
64000,高雄市,64000110,小港區,290,108,4,37,56,71,14,,,12031.37,5128.56,200.53,1843.8,2385.49,2144.75,328.24,,,3990000,6150000,10800000,4900000,3500000,2450000,3075000,,,123356,156255,180409,114335,93212,95447,132380,,,98,74,1,14,9,,,,,4357.87,3468.31,37.47,486.57,365.52,,,,,6505000,6750000,4680000,2550000,3800000,,,,,129140,136319,124898,96114,104547,,,,,"105Y2S"
64000,高雄市,64000120,鳳山區,718,212,28,87,177,151,60,2,1,29936.36,12249.88,1662.19,3699.07,5680.9,4877.29,1679.17,62.5,25.37,4700000,11175000,12100000,3900000,3320000,2960000,4700000,9575000,2000000,147251,185659,198106,123498,105807,125450,191135,272096,78831,340,215,13,68,44,,,,,14914.32,10253.44,561.06,2492.45,1607.37,,,,,6980000,7700000,6750000,5275000,4205000,,,,,159368,174834,158046,137140,113234,,,,,"105Y2S"
64000,高雄市,64000130,林園區,99,36,,1,38,20,3,1,,5281.85,2295.92,,142.09,2149.73,559.22,76.51,58.39,,3500000,9000000,,52000000,2600000,1505000,3000000,6441600,,89025,143623,,365972,51653,61924,145951,110323,,1,,,,1,,,,,39.55,,,,39.55,,,,,2300000,,,,2300000,,,,,58147,,,,58147,,,,,"105Y2S"
64000,高雄市,64000140,大寮區,206,58,2,21,78,37,9,,1,12987.97,3336.57,132.87,1483.05,3742.71,4066.1,202.84,,23.83,4280000,9145000,9350000,6500000,2932500,3000000,2500000,,3800000,102671,167890,137040,100097,73507,101280,100909,,159457,20,3,,5,12,,,,,828.66,110.97,,225,492.69,,,,,3135000,4840000,,3000000,3050000,,,,,76655,151573,,72800,76087,,,,,"105Y2S"
64000,高雄市,64000150,大樹區,56,24,,2,21,7,1,,1,2861.16,1626.9,,69.51,906.99,180.2,37.66,,39.9,3940000,10605000,,2350000,2730000,2200000,3920000,,3000000,101705,162741,,67613,58347,92106,104086,,75188,5,1,1,3,,,,,,373.91,91.86,165.96,116.08,,,,,,3200000,42800000,42000000,2700000,,,,,,76333,465941,253068,67581,,,,,,"105Y2S"
64000,高雄市,64000160,大社區,43,10,,5,25,2,1,,,2711,1356.14,,244.6,1026.39,60.21,23.66,,,4200000,15950000,,7500000,3000000,4210000,5000000,,,107428,192975,,122680,81230,140031,211367,,,4,,,1,3,,,,,153.13,,,35.62,117.52,,,,,3525000,,,3350000,3700000,,,,,90320,,,94058,86582,,,,,"105Y2S"
64000,高雄市,64000170,仁武區,260,110,19,41,36,48,6,,,13546.53,6897.5,1239.91,2161.56,1467.14,1590.69,189.73,,,8325000,11725000,10380000,8500000,6250000,2420000,3350000,,,170186,199435,168757,156381,122733,74869,169047,,,96,87,,5,4,,,,,4419.12,4030.98,,234.52,153.62,,,,,8225000,8500000,,5350000,2300000,,,,,189285,190656,,124546,83063,,,,,"105Y2S"
64000,高雄市,64000180,鳥松區,107,43,2,18,27,13,3,,1,6412.68,3334.22,116.29,811.18,1613.47,434.97,84.54,,18.01,10880000,14800000,12875000,4400000,5000000,3450000,3500000,,62720000,178933,239422,223007,128131,97909,121738,157833,,3481761,28,14,1,12,1,,,,,1061.67,552.65,108.86,364.55,35.61,,,,,6690000,8065000,34000000,3175000,2950000,,,,,187157,195551,312326,104586,82834,,,,,"105Y2S"
64000,高雄市,64000190,岡山區,162,50,12,25,47,16,11,,1,8682.52,3392.85,798.12,1462.81,1995.38,643.89,360.94,,28.53,5700000,12800000,7150000,4150000,3500000,4190000,3700000,,3000000,131458,204809,118586,98857,92225,128907,126514,,105168,22,,2,11,9,,,,,1191.74,,110.45,524.47,556.82,,,,,3790000,,4405333,5000000,3550000,,,,,93178,,79429,95141,88162,,,,,"105Y2S"
64000,高雄市,64000200,橋頭區,124,100,3,4,8,8,1,,,5430.34,4564.88,111.42,193.79,287.87,246.05,26.34,,,6325000,6425000,8250000,7000000,3625000,4700000,1900000,,,159679,160689,205359,140256,86205,131862,72146,,,3,,2,,1,,,,,157,,118.75,,38.25,,,,,7750000,,10375000,,3210000,,,,,120564,,179618,,83912,,,,,"105Y2S"
64000,高雄市,64000210,燕巢區,35,9,1,6,9,8,2,,,1732.58,589.21,120.7,124.89,610.75,230.89,56.14,,,5100000,11000000,23142000,700000,5360000,2320000,1950000,,,133305,162909,191731,64066,134275,81397,71062,,,,,,,,,,,,,,,,,,,,,,,,,,,,,,,,,,,,,,,"105Y2S"
64000,高雄市,64000220,田寮區,1,,1,,,,,,,134.11,,134.11,,,,,,,11500000,,11500000,,,,,,,85748,,85748,,,,,,,,,,,,,,,,,,,,,,,,,,,,,,,,,,,,,,,,,,,"105Y2S"
64000,高雄市,64000230,阿蓮區,16,1,,,8,6,1,,,622.32,99.33,,,329.75,167.32,25.92,,,2800000,10279715,,,3150000,2265000,3450000,,,74206,103492,,,70572,86241,133111,,,,,,,,,,,,,,,,,,,,,,,,,,,,,,,,,,,,,,,"105Y2S"
64000,高雄市,64000240,路竹區,29,15,,2,8,3,1,,,1746.68,1104.94,,67.11,450.4,90.52,33.72,,,8300000,15800000,,8150000,3750000,3000000,6766010,,,185286,202769,,267637,66052,118064,200673,,,,,,,,,,,,,,,,,,,,,,,,,,,,,,,,,,,,,,,"105Y2S"
64000,高雄市,64000250,湖內區,77,32,6,7,21,8,1,,2,3652.99,1945.7,387.12,398.44,609.86,230.23,34.51,,47.13,6300000,7800000,6450000,6000000,1450000,3050000,5300000,,3100000,112185,129943,103291,76006,51431,79363,153582,,136837,2,,,,2,,,,,80.43,,,,80.43,,,,,2700000,,,,2700000,,,,,66823,,,,66823,,,,,"105Y2S"
64000,高雄市,64000260,茄萣區,45,23,1,,13,6,1,1,,2443.79,1621.41,73.29,,666.73,52.48,22.06,7.83,,4700000,9000000,8500000,,3000000,358333,660000,400000,,74187,137747,115978,,44905,40965,29921,51114,,,,,,,,,,,,,,,,,,,,,,,,,,,,,,,,,,,,,,"105Y2S"
64000,高雄市,64000270,永安區,9,,,,6,2,1,,,367.69,,,,266.88,60.97,39.83,,,3200000,,,,3290000,3650000,2000000,,,78021,,,,77939,114545,50209,,,,,,,,,,,,,,,,,,,,,,,,,,,,,,,,,,,,,,,"105Y2S"
64000,高雄市,64000280,彌陀區,17,11,,,5,,1,,,1099.08,860.09,,,215.84,,23.15,,,8300000,9000000,,,2800000,,900000,,,116214,117291,,,60263,,38871,,,,,,,,,,,,,,,,,,,,,,,,,,,,,,,,,,,,,,,"105Y2S"
64000,高雄市,64000290,梓官區,41,4,,9,12,8,6,,2,2054.62,277.73,,618.28,661.9,279.02,165.58,,52.11,5475000,12400000,,6000000,5550000,3000000,1810000,,1815000,88828,179740,,93731,92212,86070,52820,,69712,,,,,,,,,,,,,,,,,,,,,,,,,,,,,,,,,,,,,"105Y2S"
64000,高雄市,64000300,旗山區,56,2,2,18,15,14,4,1,,2502.26,143.65,17.97,377.07,747.89,529.32,467.3,219.06,,1837500,7650000,26400000,880000,2400000,3160000,2550000,15000000,,46441,106522,2938476,46441,65929,79529,53479,68476,,,,,,,,,,,,,,,,,,,,,,,,,,,,,,,,,,,,,,"105Y2S"
64000,高雄市,64000310,美濃區,26,10,2,2,7,4,,1,,1351.62,640.89,115.21,117.77,328.16,135.65,,13.94,,7050000,8265000,9150000,7250000,2900000,2350000,,590000,,118516,133417,159148,112132,59227,70681,,42327,,,,,,,,,,,,,,,,,,,,,,,,,,,,,,,,,,,,,,"105Y2S"
64000,高雄市,64000320,六龜區,5,,,1,1,1,1,1,,198.85,,,68.99,59.91,26.22,22.83,20.9,,2000000,,,5500000,2000000,586840,3700000,1080000,,51668,,,79724,33382,22381,162091,51668,,,,,,,,,,,,,,,,,,,,,,,,,,,,,,,,,,,,,,"105Y2S"
64000,高雄市,64000330,甲仙區,2,,,,1,,1,,,49.71,,,,14.17,,35.54,,,3200000,,,,270000,,6130000,,,95762,,,,19060,,172464,,,,,,,,,,,,,,,,,,,,,,,,,,,,,,,,,,,,,,,"105Y2S"
64000,高雄市,64000340,杉林區,4,,,1,1,1,1,,,120.73,,,22.21,44.27,30.23,24.02,,,1488200,,,2430000,880000,1500000,1476400,,,55548,,,109412,19876,49626,61469,,,,,,,,,,,,,,,,,,,,,,,,,,,,,,,,,,,,,,,"105Y2S"
64000,高雄市,64000350,內門區,3,1,,,1,1,,,,119.7,18.98,,,58.33,42.39,,,,2622108,1100000,,,2622108,3900000,,,,57941,57941,,,44954,92011,,,,,,,,,,,,,,,,,,,,,,,,,,,,,,,,,,,,,,,,"105Y2S"
64000,高雄市,64000360,茂林區,,,,,,,,,,,,,,,,,,,,,,,,,,,,,,,,,,,,,,,,,,,,,,,,,,,,,,,,,,,,,,,,,,,,,,,,,"105Y2S"
64000,高雄市,64000370,桃源區,,,,,,,,,,,,,,,,,,,,,,,,,,,,,,,,,,,,,,,,,,,,,,,,,,,,,,,,,,,,,,,,,,,,,,,,,"105Y2S"
64000,高雄市,64000380,那瑪夏區,1,,,1,,,,,,46.5,,,46.5,,,,,,300000,,,300000,,,,,,6452,,,6452,,,,,,,,,,,,,,,,,,,,,,,,,,,,,,,,,,,,,,,,,,"105Y2S"
65000,新北市,65000010,板橋區,699,69,69,113,76,102,67,,203,18119.17,2597.13,1921.17,2039.2,2340.1,2840.32,1414.38,,4966.86,8800000,15000000,13660000,6800000,10000000,8000000,8480000,,7800000,372087,558995,554112,351937,359994,337716,383002,,326424,144,24,52,43,23,,,,2,7933.9,1234.51,2800.95,1904.94,1896.16,,,,97.34,17880000,20000000,25030000,14500000,19780000,,,,16880000,386134,379128,482983,357156,325035,,,,346656,"105Y2S"
65000,新北市,65000020,三重區,519,136,30,54,73,138,79,8,1,15349.51,5550.78,677.18,1299.11,2022.6,3914.32,1722.3,140.25,22.99,8580000,17900000,9775000,9000000,8500000,7300000,6350000,5725000,7300000,368934,433768,389371,366846,320683,300992,316294,341904,317529,144,29,60,41,14,,,,,7811.96,1920.94,2991.84,2127.78,771.4,,,,,15540000,15700000,16310000,14000000,11450000,,,,,344770,338594,355731,330352,256240,,,,,"105Y2S"
65000,新北市,65000030,中和區,717,144,85,113,92,217,64,,2,23636.14,6218.52,2230.93,4641.99,3265.79,5788.48,1444.6,,45.83,10000000,16025000,9580000,8980000,11000000,8530000,8100000,,18375000,370201,383270,419719,388779,352552,325117,373145,,734429,198,18,72,76,32,,,,,10882.95,844.05,3920.35,4156.79,1961.75,,,,,15350000,17190000,17115000,14350000,12795000,,,,,343684,383319,355495,322686,273104,,,,,"105Y2S"
65000,新北市,65000040,永和區,321,29,18,47,55,113,56,,3,9406.42,1201.98,438.02,1348.61,1954.12,2944.97,1439.18,,79.53,10800000,21780000,11890000,11500000,12380000,9800000,9725000,,18560000,426340,545339,535907,439485,442386,373152,371654,,800620,65,9,9,35,12,,,,,2959.27,416.42,441.08,1607.01,494.76,,,,,17580000,20000000,20750000,18000000,15225000,,,,,412321,482943,433597,406577,358252,,,,,"105Y2S"
65000,新北市,65000050,新莊區,581,162,20,43,134,164,52,5,1,22218.67,8226.71,514.73,1159.71,5501.22,4781.84,1887.25,120.36,26.85,9000000,25570000,9100000,8250000,8470000,6800000,6400000,16000000,4000000,325373,490532,321459,320041,292684,276127,328117,982887,148993,226,83,39,64,40,,,,,11609,4828.92,2110.49,2633.83,2035.76,,,,,13600000,21000000,14500000,11500000,12475000,,,,,320530,359385,298043,310314,252431,,,,,"105Y2S"
65000,新北市,65000060,新店區,573,189,28,88,93,126,35,,14,18419.76,6460.87,693.17,2715.53,3181.98,4058.47,966.34,,343.4,9250000,10200000,7005000,9925000,8800000,8725000,11000000,,9165000,350619,354910,489270,424576,279362,329581,402220,,396228,282,107,35,94,45,1,,,,16387.53,6715.33,1924.4,4484.68,3182.28,80.83,,,,15300000,19600000,14800000,14275000,10680000,29910000,,,,304630,373436,338843,306134,213449,370017,,,,"105Y2S"
65000,新北市,65000070,樹林區,191,25,17,27,40,53,7,,22,6806.95,1802.8,617.82,936.29,1384.95,1247.74,183.63,,633.71,6600000,16400000,9100000,6800000,6840000,5700000,6200000,,6150000,252144,276199,272842,240339,251505,240958,236534,,253893,135,10,93,17,15,,,,,7232.19,636.72,5137.14,861.83,596.5,,,,,11500000,11500000,12500000,10180000,7500000,,,,,250715,276412,251777,222051,228240,,,,,"105Y2S"
65000,新北市,65000080,鶯歌區,94,27,2,7,20,10,3,,25,3280.49,1011.09,71.51,234.35,671.28,363.58,68.63,,860.04,5750000,7760000,7600000,5000000,5000000,5050000,2040000,,4500000,179511,213074,221289,171882,160487,158483,158939,,150411,28,4,6,11,7,,,,,1341.42,247.73,303.6,490.62,299.47,,,,,7650000,11000000,8400000,7850000,6650000,,,,,168269,168494,179591,183003,163653,,,,,"105Y2S"
65000,新北市,65000090,三峽區,171,46,17,21,70,2,1,,14,5148.55,1484.47,438.88,631.29,2096.72,55.5,12.69,,429,5880000,6200000,6250000,6000000,4800000,5950000,6500000,,5670000,203581,206294,293935,222776,180994,219455,512097,,181123,118,36,53,21,8,,,,,5698.45,1808.6,2743.15,869.11,277.59,,,,,10700000,10975000,12250000,9150000,5400000,,,,,229471,223036,240912,209214,195491,,,,,"105Y2S"
65000,新北市,65000100,淡水區,767,457,92,65,105,39,8,,1,26344.04,19082.97,1938.08,1449.94,2392.18,1254.89,197.6,,28.39,6800000,7900000,5720000,4500000,3180000,5200000,5500000,,4800000,195210,190884,278255,211675,182994,184237,203101,,169076,294,96,96,59,42,1,,,,14504.84,5140.06,4942.14,2368.94,2011.21,42.49,,,,9050000,10650000,9500000,7000000,8075000,12680000,,,,202703,200445,206282,202920,199473,298408,,,,"105Y2S"
65000,新北市,65000110,汐止區,389,53,26,107,112,75,11,,5,13871.54,3536.38,696.28,2926.74,3961.84,2376.5,265.46,,108.35,7800000,17747000,7820000,8200000,6425000,6350000,7000000,,6000000,296861,327289,339031,301045,271626,228744,263827,,395815,186,23,18,85,60,,,,,8920.45,1159.95,705.92,3392.23,3662.35,,,,,10800000,15500000,13250000,9250000,10940000,,,,,250569,363020,308844,251137,223684,,,,,"105Y2S"
65000,新北市,65000120,瑞芳區,45,,,6,5,1,1,,32,1224.87,,,173.21,157.32,52.97,61.6,,779.77,2000000,,,2125000,2700000,3200000,6500000,,1355588,85561,,,69900,88449,60411,105528,,85577,,,,,,,,,,,,,,,,,,,,,,,,,,,,,,,,,,,,,"105Y2S"
65000,新北市,65000130,土城區,351,31,13,44,133,94,9,,27,15798.41,1531.9,4178.58,1238.45,3903.92,2517.99,1671.12,,756.46,8600000,13560000,10500000,8355000,8600000,7500000,141666667,,8650000,308462,360016,273967,347844,296203,285218,542267,,320029,71,8,24,17,17,5,,,,4500,402.44,1669.94,807.44,793.78,826.39,,,,13950000,13955000,14000000,13000000,12750000,108960000,,,,289163,290481,280115,296685,273117,597916,,,,"105Y2S"
65000,新北市,65000140,蘆洲區,234,56,8,53,75,39,3,,,7509.73,2272.75,320.5,1533.8,2313.25,1005.83,63.59,,,9770000,15105000,12050000,9500000,8800000,7500000,6900000,,,340707,402461,340347,332060,296726,294351,345605,,,118,45,18,32,23,,,,,5846.04,2504.68,991.52,1336.1,1013.75,,,,,14350000,18100000,17675000,13275000,12000000,,,,,337450,354564,370346,320630,268488,,,,,"105Y2S"
65000,新北市,65000150,五股區,90,25,2,25,19,16,3,,,3361.12,1052.61,60.32,997.93,600.65,511,138.61,,,7000000,10750000,8175000,6500000,6300000,5225000,10250000,,,240337,270057,271255,236045,194403,180989,277149,,,90,53,9,18,10,,,,,4028.65,1972.93,416.19,1235.82,403.72,,,,,9395000,10280000,9850000,8910000,8100000,,,,,281165,287330,232304,201849,227090,,,,,"105Y2S"
65000,新北市,65000160,泰山區,85,17,5,15,14,23,9,,2,3189.53,1142.39,186.45,381.93,563.68,609.51,243.4,,62.17,7500000,15400000,8650000,7700000,6650000,5600000,8250000,,6680621,261055,320369,288546,287511,215508,209838,247325,,214915,60,13,12,29,6,,,,,2655.96,518.27,645.34,1222.18,270.17,,,,,10500000,10150000,13350000,11150000,9125000,,,,,267240,293686,257446,283060,211011,,,,,"105Y2S"
65000,新北市,65000170,林口區,325,265,17,12,15,14,1,1,,21296.78,19122.7,819.65,483.12,394.9,410.7,44.52,21.18,,14600000,16800000,13150000,8040000,7150000,5555000,9320000,4000000,,314655,321101,260263,281911,207333,205075,209363,188902,,309,109,144,36,19,1,,,,17686.02,7301.19,7547.48,1771.55,941.75,124.05,,,,12250000,17000000,11250000,11430000,7900000,17000000,,,,242329,266053,233465,238160,181243,137039,,,,"105Y2S"
65000,新北市,65000180,深坑區,31,1,2,6,11,8,1,,2,915.92,36.11,119.51,155.78,300.47,244.22,24.91,,34.92,6100000,13000000,23650000,5925000,5567000,6200000,1063600,,7040000,239455,359987,348575,230043,239791,206880,42696,,375425,19,2,10,4,3,,,,,1067.86,135.45,487.4,203.85,241.16,,,,,13100000,26650000,12500000,11050000,13450000,,,,,260006,393762,258842,221299,131449,,,,,"105Y2S"
65000,新北市,65000190,石碇區,,,,,,,,,,,,,,,,,,,,,,,,,,,,,,,,,,,,,1,,,,1,,,,,55.05,,,,55.05,,,,,7200000,,,,7200000,,,,,130800,,,,130800,,,,,"105Y2S"
65000,新北市,65000200,坪林區,,,,,,,,,,,,,,,,,,,,,,,,,,,,,,,,,,,,,,,,,,,,,,,,,,,,,,,,,,,,,,,,,,,,,,,,,"105Y2S"
65000,新北市,65000210,三芝區,83,12,,43,20,8,,,,2514.86,829.2,,815.49,672.84,197.33,,,,2400000,10800000,,1700000,2400000,2550000,,,,100435,154723,,97934,90591,129463,,,,17,,,15,2,,,,,606.22,,,475.48,130.73,,,,,2550000,,,2250000,4250000,,,,,77312,,,78522,64788,,,,,"105Y2S"
65000,新北市,65000220,石門區,,,,,,,,,,,,,,,,,,,,,,,,,,,,,,,,,,,,,,,,,,,,,,,,,,,,,,,,,,,,,,,,,,,,,,,,,"105Y2S"
65000,新北市,65000230,八里區,52,12,8,9,15,7,1,,,1769.19,454.86,306.51,230.45,477.09,247.39,52.89,,,5975000,9845000,6210000,4800000,5200000,4800000,15000000,,,230016,236961,228511,254291,178767,145813,283596,,,26,3,6,6,11,,,,,1263.88,200.95,261.59,315.07,486.27,,,,,7605000,20580000,8880000,13840000,6800000,,,,,186086,254900,233418,248864,147408,,,,,"105Y2S"
65000,新北市,65000240,平溪區,,,,,,,,,,,,,,,,,,,,,,,,,,,,,,,,,,,,,,,,,,,,,,,,,,,,,,,,,,,,,,,,,,,,,,,,,"105Y2S"
65000,新北市,65000250,雙溪區,8,,,,2,,,,6,263.97,,,,75.67,,,,188.3,2185000,,,,2575000,,,,1650000,68056,,,,68056,,,,62881,,,,,,,,,,,,,,,,,,,,,,,,,,,,,,,,,,,,,"105Y2S"
65000,新北市,65000260,貢寮區,8,,,5,2,,,,1,253.36,,,140.43,67.47,,,,45.47,2200000,,,1900000,2075000,,,,3200000,65934,,,63521,61077,,,,70383,,,,,,,,,,,,,,,,,,,,,,,,,,,,,,,,,,,,,"105Y2S"
65000,新北市,65000270,金山區,23,,1,11,3,8,,,,730.86,,18.87,343.1,132.27,236.62,,,,2600000,,2500000,2350000,4600000,3550000,,,,112991,,132486,112991,109763,127006,,,,1,,,,1,,,,,32.26,,,,32.26,,,,,3500000,,,,3500000,,,,,108478,,,,108478,,,,,"105Y2S"
65000,新北市,65000280,萬里區,21,,,6,,15,,,,449.53,,,112.6,,336.94,,,,1180000,,,1612500,,750000,,,,49126,,,110883,,47497,,,,2,,,2,,,,,,48.05,,,48.05,,,,,,2620000,,,2620000,,,,,,107696,,,107696,,,,,,"105Y2S"
65000,新北市,65000290,烏來區,2,,,,,,,,2,21.72,,,,,,,,21.72,1250000,,,,,,,,1250000,115717,,,,,,,,115717,,,,,,,,,,,,,,,,,,,,,,,,,,,,,,,,,,,,,"105Y2S"
66000,臺中市,66000010,中區,91,3,,15,20,35,6,2,10,1773.79,138.48,,165.75,428.92,499.23,91.91,118.04,331.45,1175000,9000000,,1250000,1265000,1000000,1250000,13625000,2475000,103443,233521,,110517,101317,95482,80727,222928,124178,3,3,,,,,,,,143.44,143.44,,,,,,,,8570000,8570000,,,,,,,,195356,195356,,,,,,,,"105Y2S"
66000,臺中市,66000020,東區,116,25,8,28,21,20,9,1,4,5092.33,1302.43,452.98,1547.37,879.49,577.43,258.55,12.71,61.36,6830000,8450000,11593000,7830000,3980000,3250000,5000000,2000000,2004250,165101,195301,205044,163728,120831,114573,133621,157306,141822,64,36,7,8,13,,,,,2934.23,1854.39,272.96,364.2,442.69,,,,,8050000,8880000,5880000,5975000,4500000,,,,,156357,165366,157157,151450,121497,,,,,"105Y2S"
66000,臺中市,66000030,南區,249,19,17,65,79,44,15,3,7,8530.31,972.64,609,2238.97,2580.35,1209.88,650.77,75.24,193.46,4128000,11880000,4250000,4100000,3350000,3930000,5880000,2250000,5194000,140934,246113,200495,141041,127192,131602,209522,93413,220626,175,46,14,62,53,,,,,7751.2,2379.68,665.44,2694.79,2011.29,,,,,7100000,10540000,10785000,6215000,5250000,,,,,169638,206373,195747,161190,139681,,,,,"105Y2S"
66000,臺中市,66000040,西區,221,19,6,16,83,55,36,1,5,7558.84,1086.58,192.9,676.22,2553.44,1579.01,1264.51,35.56,170.61,4500000,13280000,6360000,3060000,3050000,4000000,5859425,12750000,13150000,159011,280485,237806,172515,154156,146842,178030,358499,517460,157,28,29,38,57,2,1,,2,8026.31,1852.55,1666.31,2062.38,2174.88,30.19,20.59,,219.4,9900000,15425000,12500000,9840000,6100000,1375000,6600000,,15590000,214792,258634,262360,214792,172332,91082,320573,,151063,"105Y2S"
66000,臺中市,66000050,北區,390,20,16,32,157,127,28,5,5,11969.4,1311.27,444.79,797.91,4051.45,4067.2,1022.64,157.8,116.34,4000000,16240000,2625000,3905000,2500000,4000000,8760000,12700000,7000000,151334,252291,252751,155675,135636,149554,272668,407850,357880,156,20,35,42,59,,,,,8744.31,1310.62,1438.09,2345.24,3650.35,,,,,8300000,17400000,8900000,8600000,6200000,,,,,187277,233022,224643,187639,140064,,,,,"105Y2S"
66000,臺中市,66000060,西屯區,574,147,71,79,209,53,14,,1,27437.1,13676.22,3061.24,2656.9,5364.18,2193.58,361.5,,123.48,5390000,39780000,4800000,4980000,2400000,5500000,11933333,,31500000,213892,419740,283265,168151,159662,205635,478758,,255101,448,131,125,74,116,2,,,,28217.88,10289.99,8783.59,3584.96,5503.27,56.07,,,,10300000,22430000,11680000,8350000,6600000,4250000,,,,224401,255898,251960,198253,161156,151584,,,,"105Y2S"
66000,臺中市,66000070,南屯區,198,48,11,37,80,13,9,,,10501.95,4557.76,693.46,1648.17,2945.95,420.86,235.74,,,10200000,25740000,18000000,8580000,5110000,8800000,9500000,,,245474,311777,300462,257278,172754,278809,462378,,,331,97,46,62,125,,,,1,17619.98,6309.78,2973,3182.46,5148.74,,,,5.99,9100000,11000000,15520000,10150000,5860000,,,,1000000,201996,221992,245589,219508,175785,,,,166875,"105Y2S"
66000,臺中市,66000080,北屯區,519,187,20,54,172,61,22,,3,23728.07,11085.66,1045.56,2554.22,6488.25,1973.12,505.31,,75.94,7300000,12100000,12850000,9875000,4200000,4800000,6700000,,2007780,199930,237648,249229,230446,142449,213511,302763,,103789,453,207,46,53,147,,,,,21500.06,11370.97,2136.01,2423.13,5569.94,,,,,7200000,8900000,8075000,7200000,5380000,,,,,166132,180730,214801,172943,141701,,,,,"105Y2S"
66000,臺中市,66000090,豐原區,191,54,7,37,37,30,18,5,3,9968.31,3823.93,1150.33,1589.69,1228.7,1438.38,508.73,172.2,56.34,8125000,15085000,14800000,4600000,3300000,6000000,4800000,12500000,2150000,175109,239781,204743,146468,118022,133916,195392,278302,252698,26,3,3,10,10,,,,,1069.1,250.38,89.32,424.47,304.94,,,,,5190000,33800000,6150000,5060000,3975000,,,,,135399,335703,206046,135399,120810,,,,,"105Y2S"
66000,臺中市,66000100,東勢區,24,7,1,4,4,6,2,,,1213.76,421.41,61.29,234.93,204.64,229.02,62.47,,,5250000,8600000,9000000,7550000,3400000,2440000,2600000,,,110372,145967,146844,102293,73488,88549,80509,,,,,,,,,,,,,,,,,,,,,,,,,,,,,,,,,,,,,,,"105Y2S"
66000,臺中市,66000110,大甲區,62,21,,6,17,10,4,4,,4268.54,1268.92,,291.49,927.01,1526.45,124.65,130.03,,6650000,7280000,,5450000,4200000,9346887,4310000,15200000,,139906,146774,,111173,110732,134401,139854,364556,,7,3,,1,3,,,,,474.67,277.04,,88.05,109.59,,,,,15700000,16500000,,19000000,3700000,,,,,172411,177858,,215797,93684,,,,,"105Y2S"
66000,臺中市,66000120,清水區,87,46,6,11,8,11,5,,,5172.6,2945.09,341.16,736.74,407.21,541.43,200.98,,,8870000,9740000,8500000,6500000,6390000,3420000,4300000,,,144292,156287,130690,99008,124369,115573,125120,,,3,,,3,,,,,,142.83,,,142.83,,,,,,2953613,,,2953613,,,,,,77149,,,77149,,,,,,"105Y2S"
66000,臺中市,66000130,沙鹿區,211,112,40,21,12,16,6,,4,12222.9,7678.97,1727.55,1132.26,662.79,601.07,206.8,,213.47,9600000,11700000,7875000,8000000,6990000,4195000,4600000,,6150000,172203,196222,149816,141584,145966,146120,153103,,148869,12,7,,3,2,,,,,523.29,310.64,,111.4,101.25,,,,,5240000,5600000,,4585000,4780000,,,,,132506,143164,,115000,94347,,,,,"105Y2S"
66000,臺中市,66000140,梧棲區,119,77,5,6,22,8,1,,,6231.39,4200.23,220.99,311.81,1069,402.17,27.19,,,7000000,8620000,6800000,6490000,5750000,4100000,1749700,,,154604,161458,140546,113200,126341,90118,64354,,,8,,,8,,,,,,345.7,,,345.7,,,,,,3175600,,,3175600,,,,,,80098,,,80098,,,,,,"105Y2S"
66000,臺中市,66000150,后里區,53,22,1,6,5,14,4,1,,2923.46,1297.31,53.97,525.15,220.62,620.08,177.89,28.45,,8000000,9000000,11500000,5500000,4500000,6250000,4375000,6000000,,160605,175633,213085,130091,112933,118127,132411,210918,,2,2,,,,,,,,73.45,73.45,,,,,,,,6075000,6075000,,,,,,,,165396,165396,,,,,,,,"105Y2S"
66000,臺中市,66000160,神岡區,46,20,1,5,7,13,,,,2690.5,1740.28,56.18,199.32,278.99,415.73,,,,7675000,11650000,9100000,4500000,6500000,3200000,,,,173070,222144,161978,116212,132722,92859,,,,7,,,,7,,,,,277.6,,,,277.6,,,,,4500000,,,,4500000,,,,,114074,,,,114074,,,,,"105Y2S"
66000,臺中市,66000170,潭子區,137,17,7,26,57,22,8,,,5724.13,1195.69,333.4,962.79,1907.37,1092.97,231.93,,,5000000,12000000,8900000,3625000,4600000,6800000,6325000,,,146625,186565,170116,136361,130638,205535,199241,,,52,2,1,13,36,,,,,2076.09,104.78,43.61,414.4,1513.29,,,,,5390000,9680000,5660000,4650000,5340000,,,,,136096,184644,129783,152286,133162,,,,,"105Y2S"
66000,臺中市,66000180,大雅區,137,62,5,14,36,18,2,,,6282.73,3260.72,298.16,712.5,1470.49,503.68,37.17,,,8800000,11790000,10000000,8700000,5175000,4500000,4300000,,,197639,213926,171352,161524,131271,171945,216153,,,29,17,1,,11,,,,,1292.02,822.8,35.56,,433.66,,,,,7120000,8000000,6800000,,5000000,,,,,153743,187907,191232,,127815,,,,,"105Y2S"
66000,臺中市,66000190,新社區,7,1,,3,1,2,,,,365.27,64.17,,208.34,50.39,42.36,,,,7200000,7400000,,8600000,7200000,1500000,,,,122802,115314,,124365,142884,63147,,,,,,,,,,,,,,,,,,,,,,,,,,,,,,,,,,,,,,,,"105Y2S"
66000,臺中市,66000200,石岡區,3,2,,,,,1,,,134.35,120.8,,,,,13.55,,,7800000,9690000,,,,,2350000,,,172787,158909,,,,,173406,,,,,,,,,,,,,,,,,,,,,,,,,,,,,,,,,,,,,,,"105Y2S"
66000,臺中市,66000210,外埔區,28,14,2,1,5,6,,,,1392.64,828.18,94.87,39.83,232.89,196.87,,,,7050000,8050000,6895000,5700000,4750000,4300000,,,,136783,137971,147076,143108,106252,135657,,,,,,,,,,,,,,,,,,,,,,,,,,,,,,,,,,,,,,,,"105Y2S"
66000,臺中市,66000220,大安區,7,3,,,2,2,,,,359.68,184.43,,,110.64,64.61,,,,6360000,8300000,,,5580000,2750000,,,,104888,134832,,,100438,85728,,,,,,,,,,,,,,,,,,,,,,,,,,,,,,,,,,,,,,,,"105Y2S"
66000,臺中市,66000230,烏日區,72,31,1,7,17,15,1,,,4001.87,2005.41,24.47,309.38,931.78,703.39,27.43,,,10250000,13000000,1079400,7200000,8000000,6200000,4337395,,,184197,204566,44113,153440,148366,154171,158104,,,50,34,1,3,12,,,,,2293.67,1616.19,46.45,119.77,511.26,,,,,7315000,8050000,8050000,6390000,5350000,,,,,163108,175254,173298,144283,125890,,,,,"105Y2S"
66000,臺中市,66000240,大肚區,99,42,3,10,10,33,1,,,7355.91,2409.77,128.93,966.46,472.97,3349.03,28.74,,,7500000,9900000,6050000,6050000,3840000,2550000,12800000,,,141082,173691,126024,135935,94285,105261,445317,,,7,3,,3,1,,,,,275.53,132.59,,107.52,35.42,,,,,3750000,6860000,,3100000,3750000,,,,,105882,156151,,73353,105882,,,,,"105Y2S"
66000,臺中市,66000250,龍井區,108,26,2,9,53,17,1,,,5531.24,1370.85,117.25,513.13,2951.48,546.35,32.19,,,8000000,10490000,10550000,7950000,6700000,5300000,13000000,,,167685,173431,180358,142572,122607,148758,403902,,,23,9,,3,11,,,,,861.91,394.3,,117.12,350.49,,,,,4280000,6380000,,2560000,2200000,,,,,123253,145516,,74674,103411,,,,,"105Y2S"
66000,臺中市,66000260,霧峰區,59,20,,7,14,15,2,1,,2722.18,818.75,,393.91,805.61,580.78,90.68,32.45,,6325000,6215000,,7700000,8150000,4800000,9750000,44890000,,168938,289911,,136155,136029,148909,207689,1383265,,3,,,1,2,,,,,144.2,,,44.3,99.91,,,,,4500000,,,4000000,4850000,,,,,96867,,,90297,97109,,,,,"105Y2S"
66000,臺中市,66000270,太平區,300,47,8,45,114,77,9,,,12607.24,3302.67,470.71,1997.77,4240.14,2334.65,261.31,,,6100000,14050000,11300000,7500000,3300000,5600000,4150000,,,161993,227663,199880,159321,119804,186730,173943,,,124,69,,12,43,,,,,5508.48,3423,,459.46,1626.03,,,,,5985000,7300000,,5075000,4300000,,,,,150248,161786,,114827,112819,,,,,"105Y2S"
66000,臺中市,66000280,大里區,309,61,23,38,106,62,18,,1,14675.47,4356.59,1223.08,2150.68,4213.98,2238.66,480.58,,11.91,6980000,14300000,10500000,13050000,4350000,6000000,5300000,,3350000,182117,228711,192641,202285,119988,192800,205944,,281218,128,48,12,13,55,,,,,5228.29,2212.87,579.56,534.5,1901.36,,,,,5380000,8200000,9750000,5760000,3990000,,,,,140814,171636,195991,172899,117940,,,,,"105Y2S"
66000,臺中市,66000290,和平區,,,,,,,,,,,,,,,,,,,,,,,,,,,,,,,,,,,,,,,,,,,,,,,,,,,,,,,,,,,,,,,,,,,,,,,,,"105Y2S"
67000,臺南市,67000010,新營區,147,64,1,15,32,25,1,,9,9578.48,4574.76,84.36,719.92,1308.51,814.1,56.57,,2020.26,5900000,8880000,11200000,4300000,3035000,2150000,11000000,,8980000,113151,139295,132772,82461,72139,69247,194437,,58542,7,,,2,5,,,,,330.74,,,95.45,235.29,,,,,3000000,,,3430000,2850000,,,,,66772,,,71870,64606,,,,,"105Y2S"
67000,臺南市,67000020,鹽水區,24,5,1,2,10,4,,,2,1265.47,313.72,70.15,111.43,494.74,190.82,,,84.6,3075000,7000000,7000000,2850000,2815000,2131808,,,1477500,65554,102979,99782,46726,54804,61391,,,35284,,,,,,,,,,,,,,,,,,,,,,,,,,,,,,,,,,,,,"105Y2S"
67000,臺南市,67000030,白河區,10,,,2,7,1,,,,288.06,,,90.02,147.74,50.31,,,,1550000,,,2150000,1400000,4680000,,,,75509,,,44381,77217,93031,,,,,,,,,,,,,,,,,,,,,,,,,,,,,,,,,,,,,,,,"105Y2S"
67000,臺南市,67000040,柳營區,72,65,,1,4,2,,,,4619.67,4270.93,,83.4,195.46,69.89,,,,5385000,5500000,,4600000,2033333,3050000,,,,116062,117377,,55158,45706,87677,,,,,,,,,,,,,,,,,,,,,,,,,,,,,,,,,,,,,,,,"105Y2S"
67000,臺南市,67000050,後壁區,6,,,,3,2,1,,,222.06,,,,130.66,78.44,12.96,,,2500000,,,,2700000,1130000,2800000,,,54836,,,,65804,29142,216014,,,,,,,,,,,,,,,,,,,,,,,,,,,,,,,,,,,,,,,"105Y2S"
67000,臺南市,67000060,東山區,12,4,,1,2,4,1,,,540.28,191.31,,55.52,101.05,150.74,41.65,,,3540000,5735000,,3000000,3490000,1835000,9100000,,,75462,119908,,54031,70016,47347,218481,,,,,,,,,,,,,,,,,,,,,,,,,,,,,,,,,,,,,,,"105Y2S"
67000,臺南市,67000070,麻豆區,30,4,5,4,7,9,,,1,1661.43,359.34,313.67,309.51,348.58,280.18,,,50.15,3675000,14250000,4806000,4275000,2800000,2000000,,,17803800,80439,159207,86599,58721,62719,53665,,,354979,2,,,2,,,,,,41.3,,,41.3,,,,,,1800000,,,1800000,,,,,,87166,,,87166,,,,,,"105Y2S"
67000,臺南市,67000080,下營區,10,7,,,2,1,,,,650.43,535.01,,,80.29,35.12,,,,6865000,6880000,,,2900000,3200000,,,,101454,108380,,,71621,91108,,,,,,,,,,,,,,,,,,,,,,,,,,,,,,,,,,,,,,,,"105Y2S"
67000,臺南市,67000090,六甲區,10,7,,1,2,,,,,640.63,472.19,,65.1,103.34,,,,,6800000,7230000,,5500000,3205000,,,,,101709,105195,,84488,61548,,,,,,,,,,,,,,,,,,,,,,,,,,,,,,,,,,,,,,,,,"105Y2S"
67000,臺南市,67000100,官田區,56,47,,,5,1,,,3,2687.33,2372.2,,,188.78,34.88,,,91.47,5980000,6500000,,,2400000,2600000,,,1400000,131092,135483,,,59826,74551,,,41983,1,,,,1,,,,,41.42,,,,41.42,,,,,1900000,,,,1900000,,,,,45870,,,,45870,,,,,"105Y2S"
67000,臺南市,67000110,大內區,2,,,,2,,,,,85.27,,,,85.27,,,,,2750000,,,,2750000,,,,,65353,,,,65353,,,,,,,,,,,,,,,,,,,,,,,,,,,,,,,,,,,,,,,,,"105Y2S"
67000,臺南市,67000120,佳里區,64,22,1,10,12,14,4,1,,3659.64,1285.82,66.22,733.85,684.28,677.65,174.78,37.04,,4900000,6725000,8800000,3565000,2970000,3650000,4893200,1000000,,89371,117753,132890,66124,65035,82587,131411,26995,,4,,,4,,,,,,118.02,,,118.02,,,,,,1747500,,,1747500,,,,,,84957,,,84957,,,,,,"105Y2S"
67000,臺南市,67000130,學甲區,27,14,,3,6,4,,,,1544.79,1013.6,,219.83,160.21,151.15,,,,637229,637229,,4545000,951667,1525000,,,,45692,8292,,50082,47540,49279,,,,,,,,,,,,,,,,,,,,,,,,,,,,,,,,,,,,,,,,"105Y2S"
67000,臺南市,67000140,西港區,21,2,,5,7,7,,,,1199.81,122.83,,197.11,313.45,566.41,,,,2800000,6250000,,2700000,2750000,2800000,,,,70503,101769,,67454,70503,55294,,,,,,,,,,,,,,,,,,,,,,,,,,,,,,,,,,,,,,,,"105Y2S"
67000,臺南市,67000150,七股區,8,2,,,5,1,,,,436.43,115.91,,,258.61,61.9,,,,3110000,8400000,,,2400000,600000,,,,56550,144870,,,54762,9693,,,,,,,,,,,,,,,,,,,,,,,,,,,,,,,,,,,,,,,,"105Y2S"
67000,臺南市,67000160,將軍區,11,10,,1,,,,,,1085.51,1036.76,,48.75,,,,,,1004001,1004001,,2000000,,,,,,8314,8314,,41025,,,,,,,,,,,,,,,,,,,,,,,,,,,,,,,,,,,,,,,,,,"105Y2S"
67000,臺南市,67000170,北門區,35,33,,,,2,,,,2200.55,2141.03,,,,59.52,,,,597364,597364,,,,925000,,,,9218,9218,,,,29796,,,,,,,,,,,,,,,,,,,,,,,,,,,,,,,,,,,,,,,,"105Y2S"
67000,臺南市,67000180,新化區,24,1,,,13,5,2,1,2,1177.82,59.56,,,662.08,127.85,82.43,176.62,69.28,4300000,8600000,,,4900000,974500,4625000,20000000,2625000,81608,144394,,,83334,55360,106412,113239,75973,4,,,1,3,,,,,159.5,,,42.28,117.22,,,,,3400000,,,2150000,4100000,,,,,87375,,,50855,103082,,,,,"105Y2S"
67000,臺南市,67000190,善化區,101,77,7,5,6,4,1,1,,6576.7,5349.28,378.76,367.3,309.12,122,21.86,28.37,,9780000,11600000,6300000,6450000,3960000,2500000,1200000,4700000,,165642,172724,133375,99875,71692,87604,54883,165642,,6,2,3,,1,,,,,248.29,88.74,125.29,,34.27,,,,,5550000,6200000,5600000,,2800000,,,,,131678,139757,127211,,81711,,,,,"105Y2S"
67000,臺南市,67000200,新市區,81,56,7,6,8,4,,,,25635.72,2726.52,22140.34,285.45,357.35,126.06,,,,7600000,8165000,54176000,4330000,4925000,5300000,,,,150927,154833,56509,84848,102807,162544,,,,22,19,,2,1,,,,,761.75,616.46,,110.11,35.18,,,,,4125000,4000000,,4495000,3650000,,,,,153010,153950,,81644,103759,,,,,"105Y2S"
67000,臺南市,67000210,安定區,31,18,1,2,6,3,,1,,1576.18,978.42,72.83,123.72,297.96,79.51,,23.74,,6220000,6635000,7650000,5550000,4050000,2300000,,7377000,,124187,131227,105039,88960,83423,89556,,310778,,,,,,,,,,,,,,,,,,,,,,,,,,,,,,,,,,,,,,"105Y2S"
67000,臺南市,67000220,山上區,7,4,,1,1,1,,,,341.1,224.43,,55.44,30.42,30.81,,,,4710000,5255000,,4500000,2600000,802432,,,,85472,90215,,81166,85472,26047,,,,,,,,,,,,,,,,,,,,,,,,,,,,,,,,,,,,,,,,"105Y2S"
67000,臺南市,67000230,玉井區,6,1,,1,2,2,,,,303.4,64.43,,50.64,94.82,93.51,,,,2725000,6320000,,911654,1975000,3450000,,,,60184,98092,,18002,41799,73787,,,,,,,,,,,,,,,,,,,,,,,,,,,,,,,,,,,,,,,,"105Y2S"
67000,臺南市,67000240,楠西區,5,1,,1,1,2,,,,161.57,56.38,,7.86,50.28,47.06,,,,2300000,5800000,,2300000,3400000,1455000,,,,73632,102873,,292773,67623,64409,,,,,,,,,,,,,,,,,,,,,,,,,,,,,,,,,,,,,,,,"105Y2S"
67000,臺南市,67000250,南化區,,,,,,,,,,,,,,,,,,,,,,,,,,,,,,,,,,,,,,,,,,,,,,,,,,,,,,,,,,,,,,,,,,,,,,,,,"105Y2S"
67000,臺南市,67000260,左鎮區,,,,,,,,,,,,,,,,,,,,,,,,,,,,,,,,,,,,,,,,,,,,,,,,,,,,,,,,,,,,,,,,,,,,,,,,,"105Y2S"
67000,臺南市,67000270,仁德區,153,58,10,23,31,26,5,,,8848.66,3993.2,487.74,1277.96,1341.09,1655.22,93.45,,,7500000,10000000,7175000,6500000,3880000,3425000,2200000,,,138557,154016,135720,120561,94652,118032,102433,,,14,5,4,2,3,,,,,563.05,227.46,198.92,75.73,60.94,,,,,4243295,5600000,4968295,3150000,270000,,,,,94276,110101,101586,83221,19897,,,,,"105Y2S"
67000,臺南市,67000280,歸仁區,75,30,3,7,23,10,1,,1,3711.91,1883.89,154.15,241.45,1076.5,324.68,5.99,,25.26,6400000,8000000,9000000,4300000,4360000,3575000,740000,,1419200,136313,150157,151195,111085,94602,112778,123550,,56186,4,,,2,2,,,,,129.13,,,68.71,60.43,,,,,2587500,,,2587500,2825000,,,,,93659,,,79464,94387,,,,,"105Y2S"
67000,臺南市,67000290,關廟區,40,23,1,3,5,7,,1,,1882.62,1196.82,50.41,118.74,198.66,290.11,,27.88,,6400000,6800000,6900000,2420000,2900000,2500000,,6000000,,132601,143386,136881,75978,90542,73000,,215197,,,,,,,,,,,,,,,,,,,,,,,,,,,,,,,,,,,,,,"105Y2S"
67000,臺南市,67000300,龍崎區,,,,,,,,,,,,,,,,,,,,,,,,,,,,,,,,,,,,,,,,,,,,,,,,,,,,,,,,,,,,,,,,,,,,,,,,,"105Y2S"
67000,臺南市,67000310,永康區,492,153,35,70,173,52,8,,1,24405.9,10484.02,2132.97,2576.76,7206.78,1639.23,349.04,,17.1,5925000,10630000,8200000,3150000,2720000,4024224,3015000,,3500000,137908,181352,149931,121789,101289,129272,217039,,204638,386,276,4,38,65,1,1,,1,17700.08,13715.22,215.17,1414.47,2261.09,41.07,49.95,,3.11,7350000,8000000,5435000,3680000,3200000,8400000,2800000,,350000,160619,166058,100397,101662,93870,204512,56054,,112551,"105Y2S"
67000,臺南市,67000320,東區,319,35,18,37,111,85,25,8,,12875.4,2795.63,754.02,2056.85,3476.44,2716.94,918.38,157.14,,4200000,12860000,4685000,11000000,3350000,3200000,4750000,2290350,,138213,202709,184137,165369,116326,118341,193370,150486,,109,16,11,26,56,,,,,6199.89,1805.88,407.46,1248.98,2737.56,,,,,5500000,24995000,7150000,6275000,3855000,,,,,133505,244738,179865,139299,118238,,,,,"105Y2S"
67000,臺南市,67000330,南區,365,196,4,13,36,94,20,2,,15028.28,9095.22,221.39,572.42,1316.37,3056.89,714.01,51.98,,5780000,6275000,6900000,3500000,3525000,2391667,5450000,3516945,,155258,161639,105159,83389,101200,90488,164913,135108,,20,3,,11,5,1,,,,897.57,148.8,,495.12,221.1,32.55,,,,4700000,5660000,,4800000,4120000,2600000,,,,105338,134820,,107454,82290,79880,,,,"105Y2S"
67000,臺南市,67000340,北區,534,348,11,33,46,55,34,5,2,20594.76,13000.58,682.13,1809.23,2171.84,1839.78,885.39,100.59,105.21,5110000,5280000,7700000,8370000,5900000,3500000,3750000,2524000,8700000,154247,154725,204582,154283,123766,110692,180753,184501,162382,77,9,11,41,16,,,,,3514.74,396.83,581.1,1935.94,600.86,,,,,5280000,6000000,8000000,5000000,3225000,,,,,127450,149738,175828,125180,93665,,,,,"105Y2S"
67000,臺南市,67000350,安南區,436,254,28,31,52,66,4,,1,22988.32,15133.73,1490.37,1552.1,2840.2,1703.58,244.53,,23.81,7300000,8765000,8125000,5700000,5250000,3283022,6150000,,4000000,135397,152394,140429,108130,113600,89283,168138,,168020,10,1,,7,2,,,,,339.37,30.15,,231.24,77.98,,,,,2350000,4450000,,2000000,2775000,,,,,91254,147594,,91254,71475,,,,,"105Y2S"
67000,臺南市,67000360,安平區,122,36,8,13,59,4,2,,,5822.7,2616.83,457.79,682.24,1873.52,158.98,33.34,,,4140000,11225000,10100000,4650000,2800000,3625000,2750500,,,128520,174586,164737,119561,107549,91064,211488,,,74,4,7,33,30,,,,,3657.46,298.75,356.14,1753.64,1248.93,,,,,4975000,13800000,6450000,5200000,4050000,,,,,109146,178102,137608,109532,105479,,,,,"105Y2S"
67000,臺南市,67000370,中西區,156,13,5,21,46,39,19,8,5,5849.46,1372.11,305.46,783.53,1195.72,1216.96,595.76,240.47,139.47,3025000,20500000,17000000,1580000,1175000,2950000,3650000,5975000,11200000,130658,206404,223793,119371,93363,108710,162061,212732,290368,19,3,,9,7,,,,,893.78,143.76,,466.21,283.81,,,,,5800000,7750000,,5800000,4100000,,,,,155083,170299,,156534,119237,,,,,"105Y2S"
68000,桃園市,68000010,桃園區,1011,407,23,160,256,127,34,4,,38186.29,18926.71,847.9,5119.92,7825.49,4118.74,1070.89,276.64,,6600000,9250000,5500000,5200000,4300000,4050000,9990000,25000000,,206222,245077,207380,189444,150505,143934,333991,442990,,599,155,92,218,133,1,,,,29614.4,9341.28,4815.39,9894.63,5532.13,30.97,,,,8000000,12150000,8650000,7500000,6000000,5880000,,,,185649,208498,206979,183802,145536,189880,,,,"105Y2S"
68000,桃園市,68000020,中壢區,1264,627,70,124,244,156,41,1,1,53060.38,30361.3,2334.84,4812.01,7223.31,6992.06,1282.06,52.83,1.97,6245000,7310000,4160000,3970000,3650000,4290000,6000000,4950000,880000,175193,188973,186810,169899,142698,172749,275227,93699,446180,354,136,45,122,50,1,,,,24391.09,7902.23,3605.84,7785.47,5068.51,29.04,,,,7500000,10625000,8000000,5650000,5255000,7750000,,,,165943,196404,176763,145220,124351,266873,,,,"105Y2S"
68000,桃園市,68000030,大溪區,167,32,12,52,27,37,4,,3,6544.97,2174.84,700.42,1151.38,1250.55,997.72,46.89,,223.18,3980000,12280000,9450000,1057143,4250000,3250000,2080000,,7883333,159307,182384,140714,269147,107599,141247,164485,,105968,22,10,4,4,4,,,,,1265.71,796.26,141.41,196.13,131.91,,,,,6200000,11540000,3957500,6850000,2752500,,,,,137352,155965,109671,127717,82419,,,,,"105Y2S"
68000,桃園市,68000040,楊梅區,651,126,270,92,112,42,8,,1,26925.32,6504.3,9801.03,4877.49,4179.74,1276.74,249.73,,36.3,3591503,6130000,3591503,3420000,3108300,3800000,5500000,,8900000,112621,145689,112621,91850,94521,133381,186984,,245179,149,43,22,53,31,,,,,5996.34,1993.28,802.8,1856.54,1343.71,,,,,4200000,6330000,4750000,3480000,3500000,,,,,111985,130586,132444,101837,80183,,,,,"105Y2S"
68000,桃園市,68000050,蘆竹區,348,195,11,65,57,17,2,1,,14903.26,9106.65,737.8,2452.86,1979.74,564.56,40.61,21.03,,7520000,9000000,9300000,5550000,4350000,3700000,10585000,4195000,,204143,231666,207433,200315,151587,125309,487565,199450,,208,49,51,80,28,,,,,11112.93,3181.28,2722.61,3941.12,1267.93,,,,,8425000,10550000,8200000,8200000,5950000,,,,,186161,211479,193534,189743,140440,,,,,"105Y2S"
68000,桃園市,68000060,大園區,230,171,10,5,30,9,4,1,,9873.69,7159.7,554.66,552.34,1134.59,248.98,198.88,24.53,,6740000,7580000,7175000,8500000,3800000,4700000,7000000,10000000,,203097,208799,172558,151266,96243,157418,166783,407669,,35,22,1,1,10,1,,,,2213.5,1541.08,97.99,45.86,487.61,40.96,,,,12800000,19600000,12800000,6000000,4750000,6450000,,,,245073,270161,130627,130836,90397,157453,,,,"105Y2S"
68000,桃園市,68000070,龜山區,1877,1633,16,68,53,97,9,,1,82365.58,73785.94,581.24,2142.46,3316.19,2185.38,336.82,,17.54,6660000,6730000,4070000,4550000,4450000,2600000,5300000,,10760000,145071,145045,263848,165563,139191,148502,236862,,613280,169,84,25,47,13,,,,,8250.96,4491.11,1118.79,2135.03,506.03,,,,,9268800,12950000,8100000,7900000,6600000,,,,,206341,265790,208962,167710,158573,,,,,"105Y2S"
68000,桃園市,68000080,八德區,548,338,17,52,41,80,20,,,22040.03,14103.53,1307.05,2001.48,1740.74,2328.89,558.34,,,6455000,7300000,13900000,5450000,5000000,3050000,4333469,,,177242,187188,205585,139611,135555,135979,205423,,,172,100,28,30,14,,,,,8796.62,5551.46,1448.57,1204.57,592.02,,,,,8000000,8800000,7825000,5100000,5375000,,,,,164444,172738,180405,136233,130489,,,,,"105Y2S"
68000,桃園市,68000090,龍潭區,281,61,19,62,60,75,4,,,12815,4306.41,1199.2,2014.57,3044.97,2114.91,134.94,,,4700000,9200000,5900000,2550000,2590000,4400000,8325000,,,133886,156331,129388,114868,91164,158969,218344,,,76,19,8,34,15,,,,,2809.02,842.31,341.09,1078.23,547.39,,,,,3675000,5660000,6570000,3000000,3000000,,,,,107264,161409,147550,100381,94412,,,,,"105Y2S"
68000,桃園市,68000100,平鎮區,482,192,29,70,77,99,13,,2,19423.53,8481.71,1656.59,3316.2,2748.1,2887.99,302.21,,30.73,5425000,6115000,9050000,5750000,3600000,4500000,4250000,,2900000,152297,163032,143730,146548,119202,163885,227179,,186967,118,57,15,24,22,,,,,5259.69,2761.54,573.93,1035.02,889.2,,,,,6325000,7000000,6700000,6015000,4875000,,,,,148332,154860,159481,144779,125302,,,,,"105Y2S"
68000,桃園市,68000110,新屋區,59,17,3,13,13,10,1,,2,3947.48,1032.34,303.56,760.77,1222.9,499.45,22.59,,105.87,6820000,13800000,10850000,6000000,2300000,4275000,8900000,,2125000,141631,175158,161778,90665,90279,122643,393915,,38374,4,3,,,1,,,,,371.19,305.95,,,65.24,,,,,17750000,18000000,,,2180000,,,,,174872,175158,,,33415,,,,,"105Y2S"
68000,桃園市,68000120,觀音區,133,64,22,27,18,,2,,,8742.43,2927.95,2972.26,1459.56,1347.92,,34.75,,,4400000,4400000,5040000,5320000,3250000,,1686200,,,136492,150263,131402,94253,70202,,131905,,,12,8,,2,2,,,,,853.16,657.77,,117.66,77.72,,,,,8100000,12450000,,4250000,2600000,,,,,120181,131052,,80716,65683,,,,,"105Y2S"
68000,桃園市,68000130,復興區,2,,,,2,,,,,74.08,,,,74.08,,,,,875000,,,,875000,,,,,23991,,,,23991,,,,,,,,,,,,,,,,,,,,,,,,,,,,,,,,,,,,,,,,,"105Y2S"
09007,連江縣,09007010,南竿鄉,,,,,,,,,,,,,,,,,,,,,,,,,,,,,,,,,,,,,,,,,,,,,,,,,,,,,,,,,,,,,,,,,,,,,,,,,"105Y2S"
09007,連江縣,09007020,北竿鄉,1,,,,,,1,,,44.76,,,,,,44.76,,,1719320,,,,,,1719320,,,38409,,,,,,38409,,,,,,,,,,,,,,,,,,,,,,,,,,,,,,,,,,,,,,,"105Y2S"
09007,連江縣,09007030,莒光鄉,,,,,,,,,,,,,,,,,,,,,,,,,,,,,,,,,,,,,,,,,,,,,,,,,,,,,,,,,,,,,,,,,,,,,,,,,"105Y2S"
09007,連江縣,09007040,東引鄉,,,,,,,,,,,,,,,,,,,,,,,,,,,,,,,,,,,,,,,,,,,,,,,,,,,,,,,,,,,,,,,,,,,,,,,,,"105Y2S"
09020,金門縣,09020010,金城鎮,28,23,1,,2,2,,,,952.22,664.17,26.59,,109.35,152.11,,,,5680000,3850000,7600000,,9200000,11500000,,,,186096,192626,285792,,200878,151223,,,,,,,,,,,,,,,,,,,,,,,,,,,,,,,,,,,,,,,,"105Y2S"
09020,金門縣,09020020,金沙鎮,4,3,,1,,,,,,225,166.49,,58.51,,,,,,7500000,7000000,,8000000,,,,,,136674,136619,,136730,,,,,,,,,,,,,,,,,,,,,,,,,,,,,,,,,,,,,,,,,,"105Y2S"
09020,金門縣,09020030,金湖鎮,38,34,1,2,,1,,,,1237,998.29,73.06,129.35,,36.3,,,,4925000,4750000,12000000,11200000,,5000000,,,,201770,205558,164256,173008,,137741,,,,,,,,,,,,,,,,,,,,,,,,,,,,,,,,,,,,,,,,"105Y2S"
09020,金門縣,09020040,金寧鄉,85,85,,,,,,,,2011.55,2011.55,,,,,,,,4620000,4620000,,,,,,,,199659,199659,,,,,,,,1,1,,,,,,,,41.09,41.09,,,,,,,,6100000,6100000,,,,,,,,148449,148449,,,,,,,,"105Y2S"
09020,金門縣,09020050,烈嶼鄉,,,,,,,,,,,,,,,,,,,,,,,,,,,,,,,,,,,,,,,,,,,,,,,,,,,,,,,,,,,,,,,,,,,,,,,,,"105Y2S"
09020,金門縣,09020060,烏坵鄉,,,,,,,,,,,,,,,,,,,,,,,,,,,,,,,,,,,,,,,,,,,,,,,,,,,,,,,,,,,,,,,,,,,,,,,,,"105Y2S"
