COUNTY_ID,COUNTY,TOWN_ID,TOWN,LINF01_T,LINF01_C1,LINF01_C2,LINF01_C3,LINF01_C4,LINF01_C5,LINF01_C6,LINF01_C7,LINF01_C8,LINF02_T,LINF02_C1,LINF02_C2,LINF02_C3,LINF02_C4,LINF02_C5,LINF02_C6,LINF02_C7,LINF02_C8,LINF03_T,LINF03_C1,LINF03_C2,LINF03_C3,LINF03_C4,LINF03_C5,LINF03_C6,LINF03_C7,LINF03_C8,LINF04_T,LINF04_C1,LINF04_C2,LINF04_C3,LINF04_C4,LINF04_C5,LINF04_C6,LINF04_C7,LINF04_C8,LINF05_T,LINF05_C1,LINF05_C2,LINF05_C3,LINF05_C4,LINF05_C5,LINF05_C6,LINF05_C7,LINF05_C8,LINF06_T,LINF06_C1,LINF06_C2,LINF06_C3,LINF06_C4,LINF06_C5,LINF06_C6,LINF06_C7,LINF06_C8,INFO_TIME
縣市代碼,縣市名稱,鄉鎮市區代碼,鄉鎮市區名稱,不含車位面積合計,不含車位面積未滿5年,不含車位面積5-未滿10年,不含車位面積10-未滿20年,不含車位面積20-未滿30年,不含車位面積30-未滿40年,不含車位面積40-未滿50年,不含車位面積50年以上,不含車位面積不詳,不含車位中位數房價合計,不含車位中位數房價未滿5年,不含車位中位數房價5-未滿10年,不含車位中位數房價10-未滿20年,不含車位中位數房價20-未滿30年,不含車位中位數房價30-未滿40年,不含車位中位數房價40-未滿50年,不含車位中位數房價50年以上,不含車位中位數房價不詳,不含車位交易單價中位數合計,不含車位交易單價中位數未滿5年,不含車位交易單價中位數5-未滿10年,不含車位交易單價中位數10-未滿20年,不含車位交易單價中位數20-未滿30年,不含車位交易單價中位數30-未滿40年,不含車位交易單價中位數40-未滿50年,不含車位交易單價中位數50年以上,不含車位交易單價中位數不詳,含車位面積合計,含車位面積未滿5年,含車位面積5-未滿10年,含車位面積10-未滿20年,含車位面積20-未滿30年,含車位面積30-未滿40年,含車位面積40-未滿50年,含車位面積50年以上,含車位面積不詳,含車位中位數房價合計,含車位中位數房價未滿5年,含車位中位數房價5-未滿10年,含車位中位數房價10-未滿20年,含車位中位數房價20-未滿30年,含車位中位數房價30-未滿40年,含車位中位數房價40-未滿50年,含車位中位數房價50年以上,含車位中位數房價不詳,含車位交易單價中位數合計,含車位交易單價中位數未滿5年,含車位交易單價中位數5-未滿10年,含車位交易單價中位數10-未滿20年,含車位交易單價中位數20-未滿30年,含車位交易單價中位數30-未滿40年,含車位交易單價中位數40-未滿50年,含車位交易單價中位數50年以上,含車位交易單價中位數不詳,資料時間
10002,宜蘭縣,10002060,壯圍鄉,2834.49,1466.29,206.65,344.8,654.02,112.61,50.11,0,0,8000000,9600000,17728454,16500000,4340000,4350000,3000000,0,0,145324.62,165630.26,169714.75,86158.87,87779.06,99120.69,59865.72,0,0,50.34,0,0,0,50.34,0,0,0,0,6880000,0,0,0,6880000,0,0,0,0,136673.29,0,0,0,136673.29,0,0,0,0,"107Y3S"
10002,宜蘭縣,10002010,宜蘭市,12255.78,5378.08,620.19,1141.39,2335.48,1883.99,656.86,27.59,212.21,7880000,11500000,13000000,5440000,4300000,4150000,10000000,14000000,9250000,180761.59,217127.7,232619.75,161694.39,131862.61,151869.18,224612.87,507467.01,337712.37,2221.22,520.3,284.6,350.28,1066.03,0,0,0,0,6250000,32500000,6500000,6300000,5285000,0,0,0,0,129305.03,309254.24,119539.7,138028.61,116798.7,0,0,0,0,"107Y3S"
10002,宜蘭縣,10002070,員山鄉,2162.19,1141.46,276.55,219.7,301.69,179.1,43.67,0,0,8100000,11800000,30850000,6425000,4380000,4090000,1402842,0,0,156112.73,157733.62,226167.37,150428.73,96853.72,138111.33,32120.06,0,0,37.21,0,0,0,37.21,0,0,0,0,4000000,0,0,0,4000000,0,0,0,0,107505.21,0,0,0,107505.21,0,0,0,0,"107Y3S"
10002,宜蘭縣,10002040,頭城鎮,2532.58,1926.35,0,0,414.13,78.66,113.43,0,0,7840000,8880000,0,0,5000000,3100000,3500000,0,0,263644.33,272301.31,0,0,120110.85,78510.09,167321.01,0,0,180.63,67.5,0,0,113.13,0,0,0,0,4300000,3190000,0,0,4800000,0,0,0,0,235849.63,241895.96,0,0,94495.41,0,0,0,0,"107Y3S"
10002,宜蘭縣,10002050,礁溪鄉,4644.2,2817.84,182.58,351.05,852.64,359.91,80.19,0,0,6700000,8425000,5475000,4280000,2990000,4600000,4100000,0,0,272339.71,393872.04,293180.64,219925.7,143568.36,174788.64,128017.79,0,0,326.62,151.48,74.64,19.97,80.53,0,0,0,0,5575000,5650000,29000000,4800000,3900000,0,0,0,0,190300.96,182938.46,388553.35,240347.9,197108.14,0,0,0,0,"107Y3S"
10002,宜蘭縣,10002100,三星鄉,2236.28,1619.25,57.13,220.22,114.3,225.38,0,0,0,7250000,8125000,10900000,14070000,3225000,4100000,0,0,0,144889.7,145771.41,422978.13,215812.78,54900.8,119796.,0,0,0,44.52,44.52,0,0,0,0,0,0,0,8200000,8200000,0,0,0,0,0,0,0,184203.85,184203.85,0,0,0,0,0,0,0,"107Y3S"
10002,宜蘭縣,10002090,五結鄉,5155.45,3574.39,381.75,100.68,802.49,270.99,25.16,0,0,8600000,9850000,11000000,880000,2777777,4535000,4500000,0,0,160732.23,185623.95,159648.72,68740.33,102360.23,146608.4,178884.48,0,0,964.88,345.09,0,356.47,263.33,0,0,0,0,10000000,10550000,0,10300000,3625000,0,0,0,0,176549.52,166899.58,0,211356.84,83145.05,0,0,0,0,"107Y3S"
10002,宜蘭縣,10002080,冬山鄉,5484.17,2572.27,194.11,598.,1394.4,319.48,328.43,50.82,26.65,8000000,10750000,8675000,8880000,5700000,3000000,4850000,2600000,7300000,168277.03,193918.38,161847.26,161532.27,128743.05,146975.39,154121.06,104358.45,273887.54,65.17,26.24,0,0,38.93,0,0,0,0,5475000,6600000,0,0,4350000,0,0,0,0,181614.4,251477.43,0,0,111751.36,0,0,0,0,"107Y3S"
10002,宜蘭縣,10002020,羅東鎮,5301.46,452.2,159.31,622.39,2280.47,1133.18,565.34,60.9,27.67,5080000,26000000,30000000,12870000,4200000,6500000,6675000,8664500,6250000,168233.34,217194.59,188317.33,215296.18,153719.42,164405.58,194073.72,240154.75,225903.75,869.91,20.71,0,126.28,722.91,0,0,0,0,5500000,5000000,0,8000000,5500000,0,0,0,0,149546.2,241474.44,0,181263.06,147019.23,0,0,0,0,"107Y3S"
10002,宜蘭縣,10002030,蘇澳鎮,3108.88,1985.39,54.64,0,460.28,277.32,244.29,31.56,55.41,6790000,7100000,7900000,0,4050000,2240000,3800000,270000,3300000,127118.23,130886.36,144589.21,0,91915.68,65752.5,171099.51,54641.08,119399.4,33.85,0,0,0,33.85,0,0,0,0,2300000,0,0,0,2300000,0,0,0,0,67953.4,0,0,0,67953.4,0,0,0,0,"107Y3S"
10015,花蓮縣,10015030,玉里鎮,851.86,320.28,69.69,0,143.45,232.55,77.7,8.18,0,3800000,8800000,9100000,0,4150000,2925000,3400000,300000,0,98713.64,109766.8,130572.7,0,101295.7,101403.02,87553.51,36663.05,0,0,0,0,0,0,0,0,0,0,0,0,0,0,0,0,0,0,0,0,0,0,0,0,0,0,0,0,"107Y3S"
10015,花蓮縣,10015100,富里鄉,115.15,0,0,0,35.48,62.99,0,0,16.68,2115000,0,0,0,2500000,1890000,0,0,2250000,65937.66,0,0,0,70461.79,59978.77,0,0,134893.3,0,0,0,0,0,0,0,0,0,0,0,0,0,0,0,0,0,0,0,0,0,0,0,0,0,0,0,"107Y3S"
10015,花蓮縣,10015090,瑞穗鄉,580.28,192.9,0,0,162.28,225.1,0,0,0,2400000,20800000,0,0,4800000,1500000,0,0,0,55240.62,107830.59,0,0,97852.54,48614.49,0,0,0,0,0,0,0,0,0,0,0,0,0,0,0,0,0,0,0,0,0,0,0,0,0,0,0,0,0,0,"107Y3S"
10015,花蓮縣,10015050,吉安鄉,7987.19,2832.79,702.05,1692.7,1009.66,1012.11,642.34,0,95.53,7900000,11800000,14800000,8000000,5600000,6000000,5490000,0,5150000,176231.72,192068.39,201922.27,145898.83,138908.26,187589.95,193715.47,0,224029.17,106.27,72.62,0,0,33.65,0,0,0,0,7900000,8050000,0,0,5100000,0,0,0,0,217558.33,221689.19,0,0,151559.73,0,0,0,0,"107Y3S"
10015,花蓮縣,10015010,花蓮市,15739.48,4478.1,458.18,1681.94,4735.92,2920.99,1101.02,130.23,233.1,5330000,9700000,15000000,9730000,3400000,6700000,5980000,13000000,6300000,162460.25,215455.81,174777.29,169148.28,138317.37,166706.26,209872.61,393329.73,218214.39,39.06,0,0,0,39.06,0,0,0,0,5200000,0,0,0,5200000,0,0,0,0,133122.3,0,0,0,133122.3,0,0,0,0,"107Y3S"
10015,花蓮縣,10015040,新城鄉,2180.44,655.73,87.14,249.24,695.64,442.65,50.04,0,0,5000000,17900000,19500000,7500000,4940000,3800000,4100000,0,0,124400.71,153279.,223774.81,131254.79,110156.94,120807.24,182783.77,0,0,0,0,0,0,0,0,0,0,0,0,0,0,0,0,0,0,0,0,0,0,0,0,0,0,0,0,0,"107Y3S"
10015,花蓮縣,10015060,壽豐鄉,817.24,389.05,46.48,146.08,55.34,112.59,0,20.23,47.48,3847500,13250000,25350000,525000,3550000,4000000,0,8430000,4650000,86709.04,160657.14,545370.64,49077.14,64153.16,111448.85,0,416807.79,144712.69,447.2,0,0,447.2,0,0,0,0,0,3350000,0,0,3350000,0,0,0,0,0,72559.06,0,0,72559.06,0,0,0,0,0,"107Y3S"
10015,花蓮縣,10015070,光復鄉,374.24,0,0,59.62,178.97,135.65,0,0,0,914400,0,0,4900000,5000000,500000,0,0,0,27678.87,0,0,82183.39,78182.94,20938.94,0,0,0,0,0,0,0,0,0,0,0,0,0,0,0,0,0,0,0,0,0,0,0,0,0,0,0,0,0,0,"107Y3S"
10015,花蓮縣,10015120,萬榮鄉,37.42,0,0,0,37.42,0,0,0,0,2950000,0,0,0,2950000,0,0,0,0,78842.8,0,0,0,78842.8,0,0,0,0,0,0,0,0,0,0,0,0,0,0,0,0,0,0,0,0,0,0,0,0,0,0,0,0,0,0,0,"107Y3S"
10015,花蓮縣,10015020,鳳林鎮,233.03,58.16,0,0,42.14,107.58,16.52,0,8.63,2310000,7150000,0,0,3500000,1600000,2820000,0,2620000,75772.61,122926.79,0,0,83059.93,59647.18,170738.35,0,303687.13,0,0,0,0,0,0,0,0,0,0,0,0,0,0,0,0,0,0,0,0,0,0,0,0,0,0,0,"107Y3S"
10015,花蓮縣,10015080,豐濱鄉,20.18,0,0,0,0,0,0,0,20.18,780000,0,0,0,0,0,0,0,780000,38658.36,0,0,0,0,0,0,0,38658.36,0,0,0,0,0,0,0,0,0,0,0,0,0,0,0,0,0,0,0,0,0,0,0,0,0,0,0,"107Y3S"
09020,金門縣,09020020,金沙鎮,318.9,318.9,0,0,0,0,0,0,0,3755000,3755000,0,0,0,0,0,0,0,149407.77,149407.77,0,0,0,0,0,0,0,0,0,0,0,0,0,0,0,0,0,0,0,0,0,0,0,0,0,0,0,0,0,0,0,0,0,0,"107Y3S"
09020,金門縣,09020010,金城鎮,1067.04,571.6,29.76,57.4,131.61,0,32.53,7.09,237.06,6675000,6050000,8000000,9800000,5950000,0,12000000,2000000,8550000,200617.93,200617.93,268844.98,170733.57,241453.12,0,368914.92,281943.29,177458.25,0,0,0,0,0,0,0,0,0,0,0,0,0,0,0,0,0,0,0,0,0,0,0,0,0,0,0,"107Y3S"
09020,金門縣,09020030,金湖鎮,1377.67,1054.52,156.6,90.38,0,76.18,0,0,0,7500000,7200000,11350000,8700000,0,22000000,0,0,0,192715.53,189146.73,196772.92,177658.04,0,288806.58,0,0,0,4686.57,4686.57,0,0,0,0,0,0,0,6225000,6225000,0,0,0,0,0,0,0,115727.41,115727.41,0,0,0,0,0,0,0,"107Y3S"
09020,金門縣,09020040,金寧鄉,722.39,593.84,128.56,0,0,0,0,0,0,5000000,4800000,12000000,0,0,0,0,0,0,173314.76,174919.01,93344.21,0,0,0,0,0,0,1473.42,1473.42,0,0,0,0,0,0,0,11000000,11000000,0,0,0,0,0,0,0,145342.12,145342.12,0,0,0,0,0,0,0,"107Y3S"
09020,金門縣,09020050,烈嶼鄉,32.71,32.71,0,0,0,0,0,0,0,8000000,8000000,0,0,0,0,0,0,0,244601.19,244601.19,0,0,0,0,0,0,0,0,0,0,0,0,0,0,0,0,0,0,0,0,0,0,0,0,0,0,0,0,0,0,0,0,0,0,"107Y3S"
10008,南投縣,10008110,水里鄉,600.88,0,0,59.45,55.57,472.47,0,13.4,0,1290000,0,0,6500000,5500000,1245000,0,990000,0,31245.61,0,0,109334.98,98980.99,29856.91,0,73893.14,0,0,0,0,0,0,0,0,0,0,0,0,0,0,0,0,0,0,0,0,0,0,0,0,0,0,0,0,"107Y3S"
10008,南投縣,10008050,集集鎮,482.42,57.67,153.12,57.71,62.72,151.2,0,0,0,3330000,8200000,10500000,8000000,3250000,1850000,0,0,0,109594.57,142191.76,137147.83,138621.87,121080.94,48074.72,0,0,0,0,0,0,0,0,0,0,0,0,0,0,0,0,0,0,0,0,0,0,0,0,0,0,0,0,0,0,"107Y3S"
10008,南投縣,10008040,竹山鎮,3103.89,780.93,0,695.,613.78,929.34,84.84,0,0,3650000,12000000,0,3100555,3900000,2550000,2000000,0,0,78871.69,142912.62,0,67829.86,73215.15,75294.53,80251.42,0,0,0,0,0,0,0,0,0,0,0,0,0,0,0,0,0,0,0,0,0,0,0,0,0,0,0,0,0,"107Y3S"
10008,南投縣,10008070,鹿谷鄉,611.51,70.2,22.94,295.56,222.8,0,0,0,0,11000000,13300000,8300000,17250000,11000000,0,0,0,0,207436.6,189463.68,361788.19,199505.77,225482.96,0,0,0,0,0,0,0,0,0,0,0,0,0,0,0,0,0,0,0,0,0,0,0,0,0,0,0,0,0,0,0,"107Y3S"
10008,南投縣,10008080,中寮鄉,147.37,0,0,106.87,40.5,0,0,0,0,2950000,0,0,4640000,2950000,0,0,0,0,72836.4,0,0,86094.2,72836.4,0,0,0,0,0,0,0,0,0,0,0,0,0,0,0,0,0,0,0,0,0,0,0,0,0,0,0,0,0,0,0,"107Y3S"
10008,南投縣,10008060,名間鄉,864.21,339.77,75.76,46.88,104.22,297.58,0,0,0,4225000,2500000,5125000,6000000,4430000,3960000,0,0,0,94610.27,7357.96,116257.15,127998.91,85024.3,112983.21,0,0,0,0,0,0,0,0,0,0,0,0,0,0,0,0,0,0,0,0,0,0,0,0,0,0,0,0,0,0,"107Y3S"
10008,南投縣,10008010,南投市,7518.27,3487.5,360.56,855.13,1784.87,864.17,166.04,0,0,5650000,11840000,14000000,4775000,3450000,4310000,3600000,0,0,144899.32,178636.45,236031.17,130315.02,96519.27,131343.52,138413.89,0,0,257.03,125.2,0,0,131.84,0,0,0,0,3860000,5800000,0,0,3140000,0,0,0,0,106287.11,135722.76,0,0,90862.54,0,0,0,0,"107Y3S"
10008,南投縣,10008130,仁愛鄉,77.49,0,0,77.49,0,0,0,0,0,9175000,0,0,9175000,0,0,0,0,0,203846.37,0,0,203846.37,0,0,0,0,0,0,0,0,0,0,0,0,0,0,0,0,0,0,0,0,0,0,0,0,0,0,0,0,0,0,0,0,"107Y3S"
10008,南投縣,10008020,埔里鎮,3553.76,885.44,87.82,370.18,1372.61,603.38,234.34,0,0,4545000,7652500,8240000,5500000,3750000,4300000,4000000,0,0,115828.52,158316.8,737587.59,122983.08,95079.74,109793.59,133658.06,0,0,365.73,0,0,222.77,142.97,0,0,0,0,4777500,0,0,5625000,2900000,0,0,0,0,84595.69,0,0,104510.78,83211.33,0,0,0,0,"107Y3S"
10008,南投縣,10008100,國姓鄉,735.4,0,344.21,90.58,201.3,99.31,0,0,0,2600000,0,8500000,11000000,2600000,2000000,0,0,0,63226.73,0,59397.5,121442.86,63226.73,61131.16,0,0,0,0,0,0,0,0,0,0,0,0,0,0,0,0,0,0,0,0,0,0,0,0,0,0,0,0,0,0,"107Y3S"
10008,南投縣,10008090,魚池鄉,584.96,0,82.13,191.66,116.44,163.73,30.99,0,0,9750000,0,15000000,10875000,4650000,12525000,3400000,0,0,152991.88,0,182626.61,114253.84,84508.,152991.88,219322.92,0,0,0,0,0,0,0,0,0,0,0,0,0,0,0,0,0,0,0,0,0,0,0,0,0,0,0,0,0,"107Y3S"
10008,南投縣,10008030,草屯鎮,8513.66,3788.91,457.15,1211.23,1579.81,884.98,540.98,50.6,0,6750000,6925000,13150000,8000000,5140000,4140000,6860000,5800000,0,158771.68,164997.66,191762.22,152685.1,102785.12,123048.14,191764.16,114633.23,0,465.87,77.79,0,187.87,200.21,0,0,0,0,5000000,5525000,0,5105000,3500000,0,0,0,0,111837.51,142221.44,0,114634.42,95250.43,0,0,0,0,"107Y3S"
10013,屏東縣,10013090,里港鄉,1377.49,934.63,0,0,359.99,82.87,0,0,0,9100000,9460000,0,0,2580000,2290000,0,0,0,139740.9,149308.8,0,0,55775.26,53431.84,0,0,0,0,0,0,0,0,0,0,0,0,0,0,0,0,0,0,0,0,0,0,0,0,0,0,0,0,0,0,"107Y3S"
10013,屏東縣,10013110,高樹鄉,127.95,0,0,0,65.72,62.22,0,0,0,1960000,0,0,0,1404296,2525000,0,0,0,59996.82,0,0,0,40805.39,85411.85,0,0,0,0,0,0,0,0,0,0,0,0,0,0,0,0,0,0,0,0,0,0,0,0,0,0,0,0,0,0,"107Y3S"
10013,屏東縣,10013100,鹽埔鄉,59.67,59.67,0,0,0,0,0,0,0,6600000,6600000,0,0,0,0,0,0,0,110617.43,110617.43,0,0,0,0,0,0,0,0,0,0,0,0,0,0,0,0,0,0,0,0,0,0,0,0,0,0,0,0,0,0,0,0,0,0,"107Y3S"
10013,屏東縣,10013210,佳冬鄉,754.21,421.38,0,115.35,53.05,164.44,0,0,0,5000000,7800000,0,3100000,4800000,1800000,0,0,0,111315.27,125483.2,0,55003.86,90486.82,40216.36,0,0,0,0,0,0,0,0,0,0,0,0,0,0,0,0,0,0,0,0,0,0,0,0,0,0,0,0,0,0,"107Y3S"
10013,屏東縣,10013250,枋山鄉,96.12,39.95,0,0,0,56.16,0,0,0,598700,7380000,0,0,0,499861,0,0,0,22298.03,184711.49,0,0,0,17989.55,0,0,0,0,0,0,0,0,0,0,0,0,0,0,0,0,0,0,0,0,0,0,0,0,0,0,0,0,0,0,"107Y3S"
10013,屏東縣,10013160,枋寮鄉,1177.4,70.5,45.26,91.19,758.69,144.89,28.31,38.55,0,2880000,7600000,5000000,4270000,3490000,2100000,0,375000,0,74988.1,107805.05,110480.09,91735.37,83054.1,74988.1,0,48236.16,0,0,0,0,0,0,0,0,0,0,0,0,0,0,0,0,0,0,0,0,0,0,0,0,0,0,0,0,"107Y3S"
10013,屏東縣,10013030,東港鎮,4719.67,2838.17,159.68,398.68,863.87,332.71,126.55,0,0,8016750,11000000,10080000,8000000,3600000,4000000,4160000,0,0,139528.85,155667.79,126347.7,134545.59,90279.36,136586.33,145620.36,0,0,611.52,466.87,0,0,144.65,0,0,0,0,4550000,4800000,0,0,3475000,0,0,0,0,101385.41,101385.41,0,0,101884.98,0,0,0,0,"107Y3S"
10013,屏東縣,10013190,林邊鄉,255.47,0,0,0,156.32,74.38,24.77,0,0,2000000,0,0,0,2000000,4600000,1300000,0,0,54781.43,0,0,0,54781.43,61843.15,52472.78,0,0,66.57,0,0,0,66.57,0,0,0,0,3000000,0,0,0,3000000,0,0,0,0,45062.5,0,0,0,45062.5,0,0,0,0,"107Y3S"
10013,屏東縣,10013200,南州鄉,1154.44,1006.24,0,60.,53.28,34.93,0,0,0,4300000,18200000,0,5700000,2900000,900000,0,0,0,40097.66,18087.21,0,95003.4,54427.03,25768.29,0,0,0,0,0,0,0,0,0,0,0,0,0,0,0,0,0,0,0,0,0,0,0,0,0,0,0,0,0,0,"107Y3S"
10013,屏東縣,10013180,崁頂鄉,289.6,0,51.92,116.08,121.6,0,0,0,0,3650000,0,5800000,5500000,3000000,0,0,0,0,92610.68,0,111720.97,92610.68,70838.25,0,0,0,0,0,0,0,0,0,0,0,0,0,0,0,0,0,0,0,0,0,0,0,0,0,0,0,0,0,0,0,"107Y3S"
10013,屏東縣,10013220,琉球鄉,78.86,0,0,42.01,0,36.85,0,0,0,6640000,0,0,7480000,0,5800000,0,0,0,167732.95,0,0,178073.4,0,157392.49,0,0,0,0,0,0,0,0,0,0,0,0,0,0,0,0,0,0,0,0,0,0,0,0,0,0,0,0,0,0,"107Y3S"
10013,屏東縣,10013170,新園鄉,5374.26,4719.64,0,0,390.19,144.43,110.66,0,9.33,7000000,7950000,0,0,3500000,5620000,2200000,0,300000,105287.27,124257.42,0,0,68861.13,107623.75,81774.05,0,32167.87,0,0,0,0,0,0,0,0,0,0,0,0,0,0,0,0,0,0,0,0,0,0,0,0,0,0,0,"107Y3S"
10013,屏東縣,10013080,九如鄉,1397.93,620.08,0,64.24,353.71,300.16,0,0,59.74,3875000,9800000,0,9500000,2500000,2200000,0,0,6795000,116519.24,140671.71,0,147885.47,58727.75,68002.22,0,0,186734.56,0,0,0,0,0,0,0,0,0,0,0,0,0,0,0,0,0,0,0,0,0,0,0,0,0,0,0,"107Y3S"
10013,屏東縣,10013060,長治鄉,1777.27,733.21,75.69,252.44,563.85,152.08,0,0,0,6900000,8700000,11000000,5900000,2850000,3700000,0,0,0,123084.3,143207.34,145332.47,99667.72,86608.,123826.23,0,0,0,41.02,0,0,0,41.02,0,0,0,0,3700000,0,0,0,3700000,0,0,0,0,90195.45,0,0,0,90195.45,0,0,0,0,"107Y3S"
10013,屏東縣,10013010,屏東市,16547.65,3241.89,741.51,2377.73,4194.66,3462.45,760.95,682.15,1086.32,3690000,4730000,11850000,4120000,3260000,3200000,3375000,8000000,3650000,117487.85,156934.62,158041.04,100479.79,86663.13,106467.51,126315.86,200611.15,150762.81,3767.66,1905.8,0,880.83,981.02,0,0,0,0,3900000,4870000,0,3850000,3500000,0,0,0,0,123724.71,135388.42,0,70563.7,92620.9,0,0,0,0,"107Y3S"
10013,屏東縣,10013050,萬丹鄉,2354.2,500.89,75.23,370.33,1002.49,385.02,0,0,20.23,4400000,7950000,9900000,6500000,3975000,3000000,0,0,9828000,92464.22,136744.96,131588.09,102446.45,75478.05,96519.27,0,0,485711.71,0,0,0,0,0,0,0,0,0,0,0,0,0,0,0,0,0,0,0,0,0,0,0,0,0,0,0,"107Y3S"
10013,屏東縣,10013070,麟洛鄉,482.54,79.68,0,68.78,149.15,133.41,51.54,0,0,4505000,9500000,0,6500000,4330000,3450000,5200000,0,0,96344.13,119233.68,0,94509.16,90322.,106814.28,100898.53,0,0,68.5,68.5,0,0,0,0,0,0,0,3650000,3650000,0,0,0,0,0,0,0,106529.5,106529.5,0,0,0,0,0,0,0,"107Y3S"
10013,屏東縣,10013330,牡丹鄉,38.3,0,0,0,38.3,0,0,0,0,1250000,0,0,0,1250000,0,0,0,0,32640.06,0,0,0,32640.06,0,0,0,0,0,0,0,0,0,0,0,0,0,0,0,0,0,0,0,0,0,0,0,0,0,0,0,0,0,0,0,"107Y3S"
10013,屏東縣,10013230,車城鄉,409.06,247.53,0,0,103.13,0,0,0,58.39,3410000,3600000,0,0,1060000,0,0,0,5560000,107869.19,127244.88,0,0,54294.07,0,0,0,95214.28,0,0,0,0,0,0,0,0,0,0,0,0,0,0,0,0,0,0,0,0,0,0,0,0,0,0,0,"107Y3S"
10013,屏東縣,10013040,恆春鎮,1246.18,257.58,137.13,156.94,342.26,283.6,54.03,0,14.64,4880000,10650000,11940000,33900000,2160000,4880000,2525000,0,900000,141104.03,165321.26,173816.66,216010.25,88561.52,155655.25,96121.27,0,61471.21,0,0,0,0,0,0,0,0,0,0,0,0,0,0,0,0,0,0,0,0,0,0,0,0,0,0,0,"107Y3S"
10013,屏東縣,10013130,內埔鄉,7567.29,1163.76,366.16,3284.8,981.1,1559.44,117.15,73.4,21.48,3150000,9300000,7050000,1700000,2350000,3075000,2199000,9600000,450000,86231.35,139287.84,113854.18,76564.51,65664.93,99360.66,70333.19,130798.08,20946.26,72.99,0,0,0,72.99,0,0,0,0,2215000,0,0,0,2215000,0,0,0,0,60682.99,0,0,0,60682.99,0,0,0,0,"107Y3S"
10013,屏東縣,10013140,竹田鄉,593.05,70.3,114.98,0,407.77,0,0,0,0,2330000,8060000,4107085,0,2275000,0,0,0,0,54190.71,114654.8,35718.98,0,54190.71,0,0,0,0,0,0,0,0,0,0,0,0,0,0,0,0,0,0,0,0,0,0,0,0,0,0,0,0,0,0,0,"107Y3S"
10013,屏東縣,10013290,泰武鄉,48.22,0,0,0,0,48.22,0,0,0,2000000,0,0,0,0,2000000,0,0,0,41472.65,0,0,0,0,41472.65,0,0,0,0,0,0,0,0,0,0,0,0,0,0,0,0,0,0,0,0,0,0,0,0,0,0,0,0,0,0,"107Y3S"
10013,屏東縣,10013150,新埤鄉,185.21,108.3,0,0,51.07,25.84,0,0,0,2480000,13500000,0,0,2480000,1800000,0,0,0,69668.81,124652.53,0,0,48559.78,69668.81,0,0,0,0,0,0,0,0,0,0,0,0,0,0,0,0,0,0,0,0,0,0,0,0,0,0,0,0,0,0,"107Y3S"
10013,屏東縣,10013120,萬巒鄉,308.08,52.37,0,0,233.93,21.78,0,0,0,2100000,6000000,0,0,2100000,1000000,0,0,0,57228.38,114572.04,0,0,57228.38,45913.68,0,0,0,0,0,0,0,0,0,0,0,0,0,0,0,0,0,0,0,0,0,0,0,0,0,0,0,0,0,0,"107Y3S"
10013,屏東縣,10013020,潮州鎮,5829.87,1944.19,256.34,488.55,1941.65,570.55,492.6,135.99,0,4175000,8950000,7300000,6675000,3000000,2900000,2600000,5650000,0,96012.66,149985.37,142650.77,116777.14,70536.34,83735.39,87874.58,182942.6,0,435.19,0,0,0,435.19,0,0,0,0,2900000,0,0,0,2900000,0,0,0,0,66102.58,0,0,0,66102.58,0,0,0,0,"107Y3S"
10005,苗栗縣,10005080,大湖鄉,158.48,53.43,0,20.69,73.5,0,10.86,0,0,3000000,9600000,0,2000000,4000000,0,1600000,0,0,121996.71,179672.41,0,96660.38,54420.7,0,147333.04,0,0,0,0,0,0,0,0,0,0,0,0,0,0,0,0,0,0,0,0,0,0,0,0,0,0,0,0,0,"107Y3S"
10005,苗栗縣,10005070,卓蘭鎮,163.62,0,0,0,101.79,61.82,0,0,0,7300000,0,0,0,10150000,6200000,0,0,0,104170.9,0,0,0,257022.06,100283.14,0,0,0,0,0,0,0,0,0,0,0,0,0,0,0,0,0,0,0,0,0,0,0,0,0,0,0,0,0,0,"107Y3S"
10005,苗栗縣,10005170,獅潭鄉,35.7,0,35.7,0,0,0,0,0,0,9520000,0,9520000,0,0,0,0,0,0,266658.82,0,266658.82,0,0,0,0,0,0,0,0,0,0,0,0,0,0,0,0,0,0,0,0,0,0,0,0,0,0,0,0,0,0,0,0,0,"107Y3S"
10005,苗栗縣,10005040,竹南鎮,13659.42,9285.28,660.08,816.35,1899.69,447.64,434.12,0,116.26,6830000,7325000,10850000,7850000,4500000,2960500,5040000,0,3000000,164546.11,167766.05,171725.22,132217.81,105178.51,130197.25,171806.28,0,115596.93,2398.48,1768.06,224.24,96.92,309.26,0,0,0,0,5775000,5835000,5470000,5350000,3410000,0,0,0,0,146287.44,151061.96,151890.76,110872.02,93115.5,0,0,0,0,"107Y3S"
10005,苗栗縣,10005060,後龍鎮,1814.13,892.25,0,253.87,454.05,108.77,61.53,0,43.67,6690000,7725000,0,5350000,3800000,3000000,2528450,0,1575000,110303.65,150434.11,0,64359.35,82903.07,99394.43,80851.71,0,66999.5,170.35,170.35,0,0,0,0,0,0,0,5900000,5900000,0,0,0,0,0,0,0,173169.96,173169.96,0,0,0,0,0,0,0,"107Y3S"
10005,苗栗縣,10005150,造橋鄉,506.72,0,0,308.13,53.78,144.82,0,0,0,439000,0,0,350000,4180000,2300000,0,0,0,56639.37,0,0,47679.6,77726.3,75280.26,0,0,0,0,0,0,0,0,0,0,0,0,0,0,0,0,0,0,0,0,0,0,0,0,0,0,0,0,0,0,"107Y3S"
10005,苗栗縣,10005090,公館鄉,1694.76,672.6,195.15,209.33,303.94,196.91,35.,25.65,56.18,7200000,9300000,17500000,5650000,4475000,3000000,4200000,6820000,2397710,121677.23,141323.69,279798.99,106808.36,85293.28,94902.92,120002.57,265897.57,42678.84,56.89,56.89,0,0,0,0,0,0,0,9200000,9200000,0,0,0,0,0,0,0,161729.45,161729.45,0,0,0,0,0,0,0,"107Y3S"
10005,苗栗縣,10005010,苗栗市,6989.72,1394.88,643.02,651.4,2257.1,1110.86,161.43,86.6,684.43,4200000,12900000,8900000,2045000,3600000,3765000,5500000,5500000,3300000,107537.74,187837.74,154982.89,104669.23,81442.2,92281.37,204610.96,364499.95,106756.3,1201.49,901.21,0,118.02,182.25,0,0,0,0,6125000,6600000,0,4200000,2680000,0,0,0,0,137467.85,151053.8,0,121283.14,74393.35,0,0,0,0,"107Y3S"
10005,苗栗縣,10005120,頭屋鄉,237.54,0,49.7,67.21,0,120.64,0,0,0,6550000,0,7500000,6550000,0,2000000,0,0,0,97460.92,0,150912.34,97460.92,0,60684.44,0,0,0,0,0,0,0,0,0,0,0,0,0,0,0,0,0,0,0,0,0,0,0,0,0,0,0,0,0,0,"107Y3S"
10005,苗栗縣,10005020,苑裡鎮,4519.01,3015.28,71.21,300.9,570.48,465.78,0,0,95.37,6350000,6680000,7150000,8200000,4750000,4868111,0,0,2350000,126566.87,127733.57,643424.65,144736.65,76035.27,74837.62,0,0,47663.19,66.88,0,0,0,66.88,0,0,0,0,3250000,0,0,0,3250000,0,0,0,0,97048.08,0,0,0,97048.08,0,0,0,0,"107Y3S"
10005,苗栗縣,10005030,通霄鎮,678.78,0,0,65.64,198.11,0,15.98,0,399.05,2700000,0,0,8500000,2300000,0,1150000,0,2900000,63309.,0,0,129501.21,59489.13,0,71973.74,0,63641.38,75.71,0,0,0,75.71,0,0,0,0,1525000,0,0,0,1525000,0,0,0,0,71854.65,0,0,0,71854.65,0,0,0,0,"107Y3S"
10005,苗栗縣,10005130,三義鄉,574.5,45.77,0,27.26,251.18,29.8,60.45,0,160.03,2800000,37000000,0,5010000,4800000,1000000,2150000,0,2150000,72792.79,808313.84,0,183756.61,96974.37,33554.46,71138.4,0,66115.7,0,0,0,0,0,0,0,0,0,0,0,0,0,0,0,0,0,0,0,0,0,0,0,0,0,0,0,"107Y3S"
10005,苗栗縣,10005100,銅鑼鄉,920.64,178.65,0,202.75,320.65,91.42,62.84,64.34,0,3350000,6500000,0,25060000,2500000,1970500,3050000,9100000,0,89105.67,141486.82,0,123601.96,72305.51,61140.4,96730.2,453391.87,0,0,0,0,0,0,0,0,0,0,0,0,0,0,0,0,0,0,0,0,0,0,0,0,0,0,0,0,"107Y3S"
10005,苗栗縣,10005160,三灣鄉,188.35,54.7,0,0,65.92,67.73,0,0,0,4000000,7550000,0,0,4000000,3500000,0,0,0,60678.88,138038.15,0,0,60678.88,51675.96,0,0,0,0,0,0,0,0,0,0,0,0,0,0,0,0,0,0,0,0,0,0,0,0,0,0,0,0,0,0,"107Y3S"
10005,苗栗縣,10005110,南庄鄉,280.89,0,0,100.88,148.42,16.21,15.38,0,0,4700000,0,0,7700000,3400000,2550000,6000000,0,0,117562.07,0,0,76325.47,77793.95,157330.2,390063.14,0,0,0,0,0,0,0,0,0,0,0,0,0,0,0,0,0,0,0,0,0,0,0,0,0,0,0,0,0,"107Y3S"
10005,苗栗縣,10005050,頭份市,14143.88,8556.39,689.81,1580.15,1956.41,805.61,469.67,38.33,47.5,5335000,5680000,3825000,8200000,3500000,3800000,4400000,5860998,5000000,139258.2,142883.85,161006.8,146654.37,99328.28,126496.88,131893.79,152897.73,105266.37,3318.14,1420.21,205.4,132.64,1559.89,0,0,0,0,5150000,6390000,4000000,3400000,3800000,0,0,0,0,145046.71,150624.98,175210.55,136198.35,108471.07,0,0,0,0,"107Y3S"
68000,桃園市,68000080,八德區,18815.95,12651.83,727.87,1300.41,1780.85,1826.09,528.91,0,0,6900000,8500000,9090000,5910000,3640000,3300000,3700000,0,0,172946.25,187542.25,212263.67,145937.76,142712.19,130497.71,169576.67,0,0,6256.59,2826.51,1299.72,1378.38,751.98,0,0,0,0,7550000,8460000,9250000,6550000,5350000,0,0,0,0,161137.91,167387.73,180848.64,147589.75,138892.2,0,0,0,0,"107Y3S"
68000,桃園市,68000030,大溪區,7246.38,3507.06,175.12,1671.08,871.82,738.23,253.82,0,29.25,5700000,6180000,10150000,8200000,3000000,3650000,2160000,0,17091250,156583.03,178723.27,119396.71,127754.61,93202.75,136906.91,122411.98,0,584341.71,4362.92,3462.1,0,606.68,294.13,0,0,0,0,8650000,9700000,0,6120000,4440000,0,0,0,0,167106.05,170753.36,0,115438.89,92412.09,0,0,0,0,"107Y3S"
68000,桃園市,68000130,復興區,31.45,0,0,31.45,0,0,0,0,0,5120000,0,0,5120000,0,0,0,0,0,162777.65,0,0,162777.65,0,0,0,0,0,0,0,0,0,0,0,0,0,0,0,0,0,0,0,0,0,0,0,0,0,0,0,0,0,0,0,0,"107Y3S"
68000,桃園市,68000090,龍潭區,12641.97,5602.46,619.39,1602.46,2813.12,1672.18,312.54,0,19.81,5225000,7657447,10240000,6500000,2433333,4300000,2900000,0,3250000,144755.34,169874.53,169466.15,140688.81,99724.2,160552.94,135854.18,0,164027.51,4216.49,2103.5,54.76,703.84,1294.77,59.62,0,0,0,5725000,6200000,6300000,6825000,2950000,8000000,0,0,0,134831.64,141066.88,115050.53,142084.19,103200.24,268353.94,0,0,0,"107Y3S"
68000,桃園市,68000020,中壢區,43470.03,24139.16,2026.11,4994.16,6497.64,3866.63,1887.5,0,58.83,6320000,8080000,7630000,4175000,4090000,3900000,5000000,0,4060000,182718.58,212714.77,194005.91,171367.2,137504.81,158512.83,241572.48,0,165977.46,17598.06,5153.87,3570.49,5674.23,3199.48,0,0,0,0,6475000,10000000,8030000,5575000,4475000,0,0,0,0,156997.05,190319.91,181062.2,147193.84,133229.69,0,0,0,0,"107Y3S"
68000,桃園市,68000120,觀音區,14405.78,7204.67,393.71,5398.3,1205.81,203.29,0,0,0,4680000,4650000,5000000,6440000,3550000,4200000,0,0,0,151525.67,154554.62,106947.34,109245.38,71702.78,128368.14,0,0,0,507.52,331.95,0,175.56,0,0,0,0,0,7500000,9000000,0,2800000,0,0,0,0,0,160454.24,184006.13,0,71150.12,0,0,0,0,0,"107Y3S"
68000,桃園市,68000100,平鎮區,22965.77,7630.27,737.97,3781.81,4471.68,5464.75,869.47,9.82,0,4950000,5390000,7060000,7350000,4325000,4050000,4200000,7500000,0,153491.94,158333.35,176465.4,153650.07,126063.98,155165.92,184275.18,763578.33,0,6202.29,2577.19,830.41,1349.01,1445.69,0,0,0,0,6300000,8100000,7415000,5160000,4450000,0,0,0,0,149175.8,165289.26,155422.66,149175.8,114913.88,0,0,0,0,"107Y3S"
68000,桃園市,68000010,桃園區,66803.66,44348.18,1901.49,6920.49,7703.83,3381.73,2251.27,296.67,0,7230000,7720000,8830000,6300000,4850000,3700000,8900000,14500000,0,215095.31,241930.3,223074.,194336.34,169144.76,137082.51,252970.27,418889.08,0,24542.86,5420.54,3626.87,9469.37,6026.08,0,0,0,0,8020000,11050000,10500000,8080000,6500000,0,0,0,0,183140.16,223799.43,195906.67,184166.3,152247.41,0,0,0,0,"107Y3S"
68000,桃園市,68000070,龜山區,11050.04,3232.34,393.31,1916.36,2424.42,2682.47,363.51,37.63,0,5400000,11100000,11100000,5700000,5940000,2850000,5500000,6000000,0,184003.86,263803.3,252628.21,201572.26,176020.37,110529.69,229342.82,159455.83,0,4272.44,946.97,1030.72,1635.6,659.15,0,0,0,0,8320000,10350000,9350000,8440000,7000000,0,0,0,0,177739.62,232592.84,173296.76,177790.67,174284.77,0,0,0,0,"107Y3S"
68000,桃園市,68000110,新屋區,3397.64,1332.13,181.56,411.8,1052.62,333.74,85.79,0,0,9575000,12225000,13775000,9750000,3750000,4000000,2940000,0,0,154716.18,183859.92,278308.53,148486.09,81148.45,120541.31,113840.14,0,0,207.48,160.36,0,0,47.12,0,0,0,0,12000000,13800000,0,0,5150000,0,0,0,0,165938.12,173398.12,0,0,109294.43,0,0,0,0,"107Y3S"
68000,桃園市,68000040,楊梅區,26896.63,11129.56,747.54,3333.84,9325.26,1525.,670.16,105.12,60.14,4900000,7800000,7900000,4000000,3225000,3500000,3800000,13890000,6750000,129181.07,150074.45,149628.17,121226.18,90600.21,117952.9,153343.25,285081.71,219123.68,6122.58,2271.84,680.53,1635.62,1534.58,0,0,0,0,4490000,8000000,4200000,3960000,2950000,0,0,0,0,115207.09,156592.89,130651.38,105695.55,80512.54,0,0,0,0,"107Y3S"
68000,桃園市,68000060,大園區,10751.68,7491.03,334.46,705.64,1617.27,527.33,75.94,0,0,7400000,7880000,16230000,7500000,4650000,3750000,16450000,0,0,186737.38,230504.17,176583.69,141260.8,101971.,160043.39,313219.85,0,0,2229.,1428.59,534.4,106.4,159.62,0,0,0,0,12000000,12580000,12000000,6700000,4300000,0,0,0,0,189573.24,206984.43,183812.21,128892.13,116639.67,0,0,0,0,"107Y3S"
68000,桃園市,68000050,蘆竹區,16382.82,6159.77,1170.62,4134.15,3700.21,1004.29,183.93,0,29.84,7050000,8180000,10200000,6395000,4800000,4000000,5200000,0,8000000,193586.,195598.52,233239.78,229460.26,163153.58,116812.2,346676.67,0,268109.09,9609.82,1152.73,1939.24,4833.86,1683.98,0,0,0,0,8800000,8000000,10900000,9425000,7150000,0,0,0,0,190500.54,196954.02,211108.5,197133.25,147839.69,0,0,0,0,"107Y3S"
64000,高雄市,64000050,三民區,21020.07,2563.03,625.15,2901.96,6922.37,5686.54,1891.15,429.89,0,4200000,6650000,5000000,3900000,3650000,3200000,5950000,5500000,0,142503.27,221721.54,186767.52,155641.67,123603.86,120592.99,229511.61,236845.09,0,13329.55,5725.92,921.05,2056.67,4625.91,0,0,0,0,7530000,9810000,9000000,6450000,5720000,0,0,0,0,158569.22,208668.09,180670.68,156387.,130742.08,0,0,0,0,"107Y3S"
64000,高雄市,64000110,小港區,7775.52,2635.44,352.24,900.62,1627.53,1878.14,381.56,0,0,4320000,6120000,12450000,6800000,3780000,2400000,2450000,0,0,131175.52,153560.77,170335.44,140390.57,98384.91,92106.48,148815.7,0,0,3500.74,2868.6,0,151.14,481.,0,0,0,0,6460000,7260000,0,4790000,3375000,0,0,0,0,142891.08,147078.97,0,129596.37,95597.59,0,0,0,0,"107Y3S"
64000,高雄市,64000090,前鎮區,11391.71,3751.52,348.2,1359.36,2474.76,2054.86,1288.93,114.08,0,5830000,8080000,5100000,6940000,3750000,3300000,4312500,3383350,0,164692.54,243943.26,183400.07,173563.28,125618.28,116165.43,163796.6,438529.97,0,3795.07,724.09,298.33,1472.33,1300.31,0,0,0,0,7800000,7000000,8290000,8100000,7800000,0,0,0,0,163443.92,181787.56,212038.17,172833.92,137299.73,0,0,0,0,"107Y3S"
64000,高雄市,64000080,苓雅區,10772.69,1637.02,473.02,275.03,2374.53,3734.45,1897.35,381.28,0,4500000,7240000,27740000,5150000,3600000,3500000,6210000,8100000,0,160235.67,258195.17,244950.81,194289.52,117284.46,129423.9,205956.25,245873.86,0,7249.02,3920.7,955.1,762.06,1488.86,122.29,0,0,0,13850000,17000000,27000000,7650000,6000000,6650000,0,0,0,237710.04,261061.16,228650.98,194461.51,127798.75,109268.64,0,0,0,"107Y3S"
64000,高雄市,64000060,新興區,3928.73,580.14,79.14,197.7,959.23,1228.62,459.92,423.97,0,4500000,6280000,8200000,2540000,3780000,2830000,5150000,9230000,0,155282.18,261399.28,236512.08,190030.69,140036.11,118691.56,170988.19,302319.58,0,1254.04,405.94,68.66,103.54,570.43,105.47,0,0,0,7390000,8895000,16000000,11165000,7400000,6000000,0,0,0,184411.98,246162.56,233037.68,202793.53,132404.75,149021.12,0,0,0,"107Y3S"
64000,高雄市,64000030,左營區,11936.06,3829.7,728.71,2652.65,3502.82,766.47,399.22,56.49,0,5750000,22300000,5925000,5090000,4945000,4200000,4600000,5815000,0,181233.29,273437.16,182453.71,169906.21,138475.33,136045.65,206493.24,210471.2,0,12993.77,4909.36,1725.87,3419.03,2939.51,0,0,0,0,8020000,12760000,11720000,6820000,6300000,0,0,0,0,174273.75,214366.91,196569.44,154503.71,150845.84,0,0,0,0,"107Y3S"
64000,高雄市,64000040,楠梓區,26710.38,14483.54,3953.88,2597.56,2820.64,2046.62,744.4,35.75,28.01,4500000,4830000,12660000,5990000,3685000,2640000,3650000,2600000,1700000,147100.48,152061.95,180911.3,150501.14,98570.29,102579.63,152469.5,175311.21,60702.47,7619.9,5291.18,772.76,604.79,951.17,0,0,0,0,5550000,6600000,6250000,5300000,4300000,0,0,0,0,152537.98,164486.18,137098.59,133677.1,104056.19,0,0,0,0,"107Y3S"
64000,高雄市,64000070,前金區,4166.69,1202.94,72.24,236.61,1108.06,1048.56,452.23,46.06,0,5400000,5980000,4650000,4450000,4520000,3640000,4550000,3117341,0,180133.6,260113.09,191550.17,182649.09,127310.67,130251.97,146072.38,144237.93,0,2285.84,1352.6,232.52,289.97,328.23,82.51,0,0,0,7720000,7730000,8800000,7500000,9300000,6000000,0,0,0,239337.01,258155.31,199910.04,185140.42,126772.93,144842.99,0,0,0,"107Y3S"
64000,高雄市,64000020,鼓山區,9132.14,2904.16,635.,2047.41,1161.97,1690.16,620.94,72.5,0,5380000,21715000,4920000,5665000,4630000,3000000,3500000,6000000,0,179724.88,262037.91,201792.34,199396.97,146580.9,111881.71,163770.66,425658.32,0,13300.43,5381.86,2268.47,4205.85,1369.85,74.41,0,0,0,10500000,19375000,11200000,8185000,6500000,9050000,0,0,0,204879.85,240474.53,211848.68,190474.55,140689.19,121625.15,0,0,0,"107Y3S"
64000,高雄市,64000100,旗津區,292.4,0,0,0,33.05,183.47,33.6,32.11,10.16,4000000,0,0,0,3650000,4000000,4700000,2180600,1358524,137283.44,0,0,0,110424.78,137283.44,139873.88,128749.6,133660.37,0,0,0,0,0,0,0,0,0,0,0,0,0,0,0,0,0,0,0,0,0,0,0,0,0,0,0,"107Y3S"
64000,高雄市,64000010,鹽埕區,1967.29,268.78,0,56.07,374.31,977.51,73.41,217.21,0,1170000,5865000,0,3280000,3700000,600000,6400000,4875000,0,92628.68,244614.12,0,120258.47,100202.5,60439.51,152221.76,197403.96,0,566.06,270.04,0,296.02,0,0,0,0,0,8500000,8380000,0,8630000,0,0,0,0,0,214017.28,232039.2,0,157363.55,0,0,0,0,0,"107Y3S"
64000,高雄市,64000140,大寮區,8956.71,2300.39,398.21,1049.13,3740.31,1130.07,270.57,48.78,19.25,3995000,11475000,10875000,6150000,3100000,2500000,3650000,4700000,2100000,109934.7,185444.18,168459.19,106940.22,76830.69,97670.92,169415.91,96348.69,109084.68,597.6,0,0,47.81,549.79,0,0,0,0,3525000,0,0,6560000,3500000,0,0,0,0,93983.09,0,0,137218.11,90121.12,0,0,0,0,"107Y3S"
64000,高雄市,64000130,林園區,3075.61,876.35,0,257.35,1208.72,509.8,180.78,16.52,26.09,3500000,9400000,0,3500000,2900000,2825000,2985000,2580000,1360000,81502.74,163675.88,0,74273.,66564.54,76532.62,98103.33,156207.43,52119.96,71.13,0,0,0,71.13,0,0,0,0,2025000,0,0,0,2025000,0,0,0,0,57435.04,0,0,0,57435.04,0,0,0,0,"107Y3S"
64000,高雄市,64000160,大社區,2495.99,670.41,92.58,76.4,1123.71,409.7,123.18,0,0,4380000,15200000,14100000,7850000,3190000,5300000,4050000,0,0,115733.95,176803.37,152295.53,102749.5,92440.68,188711.76,154109.01,0,0,381.98,87.89,0,0,294.09,0,0,0,0,3500000,7540000,0,0,3500000,0,0,0,0,90509.34,168471.17,0,0,88497.53,0,0,0,0,"107Y3S"
64000,高雄市,64000170,仁武區,17119.,11482.86,1197.37,2119.1,1284.18,750.34,285.16,0,0,11940000,13630000,16350000,9300000,6550000,7400000,3550000,0,0,190811.85,201516.42,222537.33,167692.41,127374.95,138323.48,139235.68,0,0,1821.49,1465.67,0,205.99,149.83,0,0,0,0,8500000,9000000,0,6785000,3930000,0,0,0,0,186855.49,192266.48,0,133304.02,113601.45,0,0,0,0,"107Y3S"
64000,高雄市,64000180,鳥松區,6026.02,3304.13,307.73,221.9,1390.94,643.04,158.27,0,0,9600000,10600000,18000000,8400000,2325000,4550000,5350000,0,0,178992.3,218633.93,259807.07,147962.45,99101.1,127118.59,145080.08,0,0,1873.35,669.34,0,535.98,668.03,0,0,0,0,6265000,8000000,0,29775000,1550000,0,0,0,0,127251.18,157832.83,0,210540.88,101151.9,0,0,0,0,"107Y3S"
64000,高雄市,64000270,永安區,254.9,0,81.72,0,141.92,0,31.26,0,0,2500000,0,2127800,0,3700000,0,1000000,0,0,59870.06,0,26038.53,0,81244.02,0,31989.41,0,0,0,0,0,0,0,0,0,0,0,0,0,0,0,0,0,0,0,0,0,0,0,0,0,0,0,0,0,"107Y3S"
64000,高雄市,64000190,岡山區,6452.35,2319.94,241.88,652.65,2246.23,407.25,561.14,23.27,0,6100000,14250000,12250000,10000000,3775000,4000000,4580000,4500000,0,171444.1,212325.82,211796.08,182257.42,102148.75,145054.37,202298.99,193421.31,0,1171.97,0,0,510.46,661.51,0,0,0,0,4800000,0,0,6200000,4435000,0,0,0,0,103822.38,0,0,108402.8,102217.65,0,0,0,0,"107Y3S"
64000,高雄市,64000290,梓官區,4176.51,1543.24,0,52.02,688.01,1627.21,191.14,0,74.9,7255000,7500000,0,6300000,4580000,4500000,2900000,0,5000000,144294.33,150190.14,0,121112.16,94984.29,146286.49,99743.52,0,66756.57,0,0,0,0,0,0,0,0,0,0,0,0,0,0,0,0,0,0,0,0,0,0,0,0,0,0,0,"107Y3S"
64000,高雄市,64000200,橋頭區,3308.09,1788.48,289.31,56.31,607.53,178.08,209.73,7.3,171.35,3670000,3645000,9000000,9200000,3000000,4725000,4166666,990080,25410000,135959.07,136138.9,222561.84,163380.19,90976.57,174737.64,125637.93,135696.17,296589.22,2594.04,2431.66,48.91,0,113.47,0,0,0,0,13655000,13740000,6340000,0,3800000,0,0,0,0,184759.04,186479.44,129638.63,0,102627.99,0,0,0,0,"107Y3S"
64000,高雄市,64000210,燕巢區,1490.03,142.48,59.48,240.53,830.99,159.41,57.15,0,0,5150000,14550000,10200000,6500000,4800000,3700000,2748378,0,0,115092.83,200931.36,171475.84,127864.82,70547.76,130845.15,83124.65,0,0,44.8,0,0,0,44.8,0,0,0,0,3900000,0,0,0,3900000,0,0,0,0,87047.21,0,0,0,87047.21,0,0,0,0,"107Y3S"
64000,高雄市,64000280,彌陀區,404.75,195.54,0,0,59.81,122.74,26.66,0,0,4000000,7500000,0,0,4000000,3325000,3200000,0,0,110024.49,115125.32,0,0,66874.73,107577.73,120046.67,0,0,0,0,0,0,0,0,0,0,0,0,0,0,0,0,0,0,0,0,0,0,0,0,0,0,0,0,0,"107Y3S"
64000,高雄市,64000320,六龜區,216.85,0,0,83.64,59.91,0,0,73.29,0,2200000,0,0,6700000,2200000,0,0,179000,0,36719.82,0,0,80104.02,36719.82,0,0,2442.26,0,0,0,0,0,0,0,0,0,0,0,0,0,0,0,0,0,0,0,0,0,0,0,0,0,0,0,0,"107Y3S"
64000,高雄市,64000310,美濃區,1402.72,950.75,0,0,95.78,294.24,61.94,0,0,7300000,9000000,0,0,2325000,2500000,1600000,0,0,118435.98,130772.56,0,0,48668.08,83810.69,51662.98,0,0,0,0,0,0,0,0,0,0,0,0,0,0,0,0,0,0,0,0,0,0,0,0,0,0,0,0,0,"107Y3S"
64000,高雄市,64000230,阿蓮區,1207.96,59.25,0,42.06,267.1,118.97,689.23,0,31.36,4400000,4500000,0,2500000,4300000,2650000,33600000,0,2900000,100045.97,75944.62,0,59435.19,94236.02,92410.54,243752.01,0,92482.89,0,0,0,0,0,0,0,0,0,0,0,0,0,0,0,0,0,0,0,0,0,0,0,0,0,0,0,"107Y3S"
64000,高雄市,64000260,茄萣區,1300.26,335.66,83.28,0,682.92,120.81,0,0,77.59,4500000,8050000,5000000,0,3000000,4500000,0,0,5500000,113119.83,142299.68,123853.71,0,36225.4,140313.46,0,0,70884.28,35.92,0,0,0,35.92,0,0,0,0,1700000,0,0,0,1700000,0,0,0,0,47320.94,0,0,0,47320.94,0,0,0,0,"107Y3S"
64000,高雄市,64000250,湖內區,1409.26,307.58,0,411.22,406.65,178.61,105.2,0,0,3800000,10350000,0,7200000,2000000,3550000,17000000,0,0,77844.86,164431.35,0,114585.27,70327.3,76440.46,161600.95,0,0,0,0,0,0,0,0,0,0,0,0,0,0,0,0,0,0,0,0,0,0,0,0,0,0,0,0,0,"107Y3S"
64000,高雄市,64000240,路竹區,7751.57,4509.98,79.5,2515.91,351.72,193.73,100.73,0,0,9530000,9800000,8000000,13980000,4000000,3800000,6000000,0,0,161649.35,162434.59,201250.14,162604.15,72874.27,133313.15,193753.39,0,0,0,0,0,0,0,0,0,0,0,0,0,0,0,0,0,0,0,0,0,0,0,0,0,0,0,0,0,"107Y3S"
64000,高雄市,64000350,內門區,101.13,0,0,0,87.76,0,13.37,0,0,2750000,0,0,0,3500000,0,2000000,0,0,94749.58,0,0,0,39882.28,0,149616.89,0,0,0,0,0,0,0,0,0,0,0,0,0,0,0,0,0,0,0,0,0,0,0,0,0,0,0,0,0,"107Y3S"
64000,高雄市,64000330,甲仙區,54.89,0,0,0,0,0,54.89,0,0,5200000,0,0,0,0,0,5200000,0,0,94726.86,0,0,0,0,0,94726.86,0,0,0,0,0,0,0,0,0,0,0,0,0,0,0,0,0,0,0,0,0,0,0,0,0,0,0,0,0,"107Y3S"
64000,高雄市,64000340,杉林區,74.31,0,0,0,74.31,0,0,0,0,1965000,0,0,0,1965000,0,0,0,0,53301.53,0,0,0,53301.53,0,0,0,0,0,0,0,0,0,0,0,0,0,0,0,0,0,0,0,0,0,0,0,0,0,0,0,0,0,0,0,"107Y3S"
64000,高雄市,64000300,旗山區,1290.27,67.87,0,97.56,735.89,269.52,62.8,41.05,15.59,2700000,8550000,0,5525000,2150000,3000000,3010000,16800000,224483,72918.51,125972.56,0,113241.96,51417.9,101716.47,95408.69,409234.32,14401.18,0,0,0,0,0,0,0,0,0,0,0,0,0,0,0,0,0,0,0,0,0,0,0,0,0,0,0,"107Y3S"
64000,高雄市,64000150,大樹區,3740.99,2856.31,164.04,0,561.24,159.41,0,0,0,9210000,9380000,58000000,0,3120000,3800000,0,0,0,165117.67,167939.49,353579.47,0,72507.29,101342.28,0,0,0,39.72,0,0,0,39.72,0,0,0,0,2640000,0,0,0,2640000,0,0,0,0,66463.12,0,0,0,66463.12,0,0,0,0,"107Y3S"
64000,高雄市,64000120,鳳山區,23628.47,6530.51,1973.92,3746.87,4093.97,4538.73,2697.18,47.3,0,4848548,6495000,4723242,5720000,3720000,3500000,5500000,2749950,0,155604.65,201804.72,149627.8,143661.08,112452.01,135460.7,202560.36,116842.47,0,12827.39,8204.8,1271.99,1400.28,1950.32,0,0,0,0,7250000,7850000,7500000,5600000,4680000,0,0,0,0,165598.21,182862.09,174063.18,139834.44,122876.41,0,0,0,0,"107Y3S"
10017,基隆市,10017020,七堵區,3139.57,538.69,355.05,248.73,680.16,1023.97,292.96,0,0,4825000,8350000,8300000,9550000,4590000,3950000,4100000,0,0,166018.71,285070.03,189248.62,170567.54,145684.83,149348.02,191417.78,0,0,867.87,100.84,394.8,169.9,202.34,0,0,0,0,8275000,12080000,9500000,7125000,7500000,0,0,0,0,175336.59,242224.98,167166.34,163892.18,172475.75,0,0,0,0,"107Y3S"
10017,基隆市,10017050,中山區,1422.96,113.44,0,63.09,498.54,479.49,235.12,14.18,19.09,2750000,4475000,0,1850000,3200000,2050000,2800000,355000,2050000,112675.55,157796.14,0,167828.77,104500.07,104319.09,148909.24,54806.31,107381.71,241.9,155.98,46.45,39.47,0,0,0,0,0,13250000,26750000,8500000,6000000,0,0,0,0,0,247622.14,336626.39,182984.98,152025.07,0,0,0,0,0,"107Y3S"
10017,基隆市,10017060,安樂區,8379.98,1544.01,79.71,718.29,4415.99,1132.36,465.8,23.81,0,3200000,9730000,8375000,3450000,3100000,2800000,2500000,1450000,0,123856.36,242376.14,209945.67,135607.28,117101.29,114601.05,111647.11,60891.62,0,2938.71,1039.63,90.67,609.6,1198.82,0,0,0,0,5750000,5900000,8167500,6600000,4790000,0,0,0,0,170346.42,249602.28,171692.17,133946.44,117995.9,0,0,0,0,"107Y3S"
10017,基隆市,10017030,暖暖區,3670.09,1063.,626.28,0,1389.46,500.63,90.71,0,0,4250000,9900000,6290000,0,3400000,3400000,2575000,0,0,140380.64,202457.48,154242.33,0,111129.2,111405.19,114762.56,0,0,1367.41,358.23,301.03,234.79,473.36,0,0,0,0,5750000,9000000,6250000,4100000,4400000,0,0,0,0,130969.96,187155.23,126338.43,159123.23,120239.32,0,0,0,0,"107Y3S"
10017,基隆市,10017010,中正區,4902.23,840.29,421.7,540.37,1255.55,1193.99,308.94,297.29,44.1,3000000,11720000,6260000,2580000,3350000,2740000,1850000,9000000,3090000,131206.36,175605.32,161156.38,124266.77,132898.73,100660.29,100006.94,250377.17,142610.5,1684.49,88.2,51.46,651.29,893.55,0,0,0,0,4250000,25000000,2125000,4180000,4800000,0,0,0,0,110456.62,283446.95,165192.08,95196.41,112451.4,0,0,0,0,"107Y3S"
10017,基隆市,10017040,仁愛區,2318.36,0,421.13,48.68,545.13,610.25,608.85,64.11,20.2,3800000,0,53333332,8040000,7200000,2800000,2850000,1200000,20500000,154915.78,0,1243389.88,328868.99,151530.56,129524.35,163740.36,104417.86,1014651.82,304.78,0,28.02,47.11,229.65,0,0,0,0,8880000,0,8400000,9000000,8880000,0,0,0,0,191049.03,0,299747.36,191049.03,181238.22,0,0,0,0,"107Y3S"
10017,基隆市,10017070,信義區,6211.57,2476.17,179.92,530.99,1599.49,642.72,697.95,84.31,0,4900000,8280000,11350000,4800000,3650000,3650000,3050000,4050000,0,157605.03,176063.28,191382.58,155354.73,114768.38,144170.49,144963.06,155624.84,0,2342.03,1376.62,109.,277.2,579.21,0,0,0,0,6775000,9000000,9525000,5875000,4000000,0,0,0,0,145548.38,187807.14,174407.24,139676.53,105081.53,0,0,0,0,"107Y3S"
10009,雲林縣,10009010,斗六市,12163.5,5826.57,258.3,1510.26,3002.99,920.13,505.86,139.4,0,6200000,9350000,4200000,5500000,3525000,3430000,5100000,8250000,0,123868.6,157560.44,177513.22,112781.15,89484.72,95540.9,137792.08,288915.33,0,950.36,26.09,156.99,209.17,558.11,0,0,0,0,2610000,4900000,25000000,2400000,2650000,0,0,0,0,72965.46,187828.7,159244.34,57267.82,75834.49,0,0,0,0,"107Y3S"
10009,雲林縣,10009070,古坑鄉,1720.22,1250.63,0,28.,380.58,61.01,0,0,0,6000000,6300000,0,2028565,3575000,2125000,0,0,0,100166.56,102195.99,0,72450.3,78215.38,69860.12,0,0,0,0,0,0,0,0,0,0,0,0,0,0,0,0,0,0,0,0,0,0,0,0,0,0,0,0,0,0,"107Y3S"
10009,雲林縣,10009100,林內鄉,903.11,220.,83.49,0,401.9,179.17,11.,7.54,0,3400000,6310000,800000,0,4300000,2100000,1800000,800000,0,70335.85,117536.77,9581.99,0,52434.73,70335.85,163607.73,106039.62,0,0,0,0,0,0,0,0,0,0,0,0,0,0,0,0,0,0,0,0,0,0,0,0,0,0,0,0,"107Y3S"
10009,雲林縣,10009090,莿桐鄉,467.06,23.29,0,0,310.61,133.16,0,0,0,3430000,10000000,0,0,4000000,3100000,0,0,0,80654.71,429322.74,0,0,67290.22,88426.27,0,0,0,0,0,0,0,0,0,0,0,0,0,0,0,0,0,0,0,0,0,0,0,0,0,0,0,0,0,0,"107Y3S"
10009,雲林縣,10009080,大埤鄉,1412.02,0,0,0,1323.07,36.8,39.92,12.23,0,3550000,0,0,0,11275000,3000000,6650000,3000000,0,52741.62,0,0,0,32941.54,81530.38,166591.93,245236.29,0,0,0,0,0,0,0,0,0,0,0,0,0,0,0,0,0,0,0,0,0,0,0,0,0,0,0,0,"107Y3S"
10009,雲林縣,10009020,斗南鎮,2812.86,772.95,63.57,335.49,552.15,652.,436.7,0,0,5130000,9280000,6800000,5080000,3000000,4300000,11500000,0,0,107210.,149647.19,106968.06,103248.17,71716.78,93635.62,138585.34,0,0,287.73,0,0,185.15,102.58,0,0,0,0,2950000,0,0,2900000,3200000,0,0,0,0,75225.02,0,0,73019.86,77430.19,0,0,0,0,"107Y3S"
10009,雲林縣,10009190,口湖鄉,60.61,0,0,0,0,29.96,30.65,0,0,2060000,0,0,0,0,920000,3200000,0,0,67555.94,0,0,0,0,30704.92,104406.95,0,0,0,0,0,0,0,0,0,0,0,0,0,0,0,0,0,0,0,0,0,0,0,0,0,0,0,0,0,"107Y3S"
10009,雲林縣,10009170,元長鄉,697.95,336.86,0,0,180.9,180.19,0,0,0,2300000,4624000,0,0,2300000,1000000,0,0,0,47027.67,13726.61,0,0,48153.89,5549.79,0,0,0,0,0,0,0,0,0,0,0,0,0,0,0,0,0,0,0,0,0,0,0,0,0,0,0,0,0,0,"107Y3S"
10009,雲林縣,10009200,水林鄉,24.65,0,0,0,0,24.65,0,0,0,1700000,0,0,0,0,1700000,0,0,0,68963.49,0,0,0,0,68963.49,0,0,0,0,0,0,0,0,0,0,0,0,0,0,0,0,0,0,0,0,0,0,0,0,0,0,0,0,0,0,"107Y3S"
10009,雲林縣,10009060,北港鎮,1133.64,265.22,0,110.42,578.67,114.21,56.4,0,8.72,2100000,8000000,0,2900000,1740000,3300000,1787000,0,7000000,65740.98,128526.09,0,53220.66,53368.35,99444.77,65598.32,0,802931.85,0,0,0,0,0,0,0,0,0,0,0,0,0,0,0,0,0,0,0,0,0,0,0,0,0,0,0,"107Y3S"
10009,雲林縣,10009180,四湖鄉,1249.21,56.43,1104.95,0,53.93,33.9,0,0,0,2000000,600000,12800000,0,2000000,1850000,0,0,0,37083.24,10632.95,58651.17,0,37083.24,54580.12,0,0,0,0,0,0,0,0,0,0,0,0,0,0,0,0,0,0,0,0,0,0,0,0,0,0,0,0,0,0,"107Y3S"
10009,雲林縣,10009110,二崙鄉,747.2,245.15,0,0,317.56,184.49,0,0,0,3475000,6510000,0,0,3850000,1059854,0,0,0,66213.84,103413.74,0,0,68876.46,35333.67,0,0,0,0,0,0,0,0,0,0,0,0,0,0,0,0,0,0,0,0,0,0,0,0,0,0,0,0,0,0,"107Y3S"
10009,雲林縣,10009040,西螺鎮,3641.14,1948.55,0,288.86,833.29,255.38,315.06,0,0,6500000,7200000,0,4960000,5750000,3230000,4850000,0,0,123181.87,125231.16,0,109238.47,70686.78,117330.44,83381.8,0,0,68.44,0,0,0,68.44,0,0,0,0,2575000,0,0,0,2575000,0,0,0,0,75331.09,0,0,0,75331.09,0,0,0,0,"107Y3S"
10009,雲林縣,10009120,崙背鄉,977.37,813.61,0,109.1,54.66,0,0,0,0,7000000,7000000,0,7200000,2600000,0,0,0,0,119585.49,119992.15,0,65992.88,47570.52,0,0,0,0,0,0,0,0,0,0,0,0,0,0,0,0,0,0,0,0,0,0,0,0,0,0,0,0,0,0,0,"107Y3S"
10009,雲林縣,10009050,土庫鎮,2271.3,1576.26,49.79,111.99,316.12,180.37,0,0,36.76,7290000,8100000,6200000,4260000,4650000,2380000,0,0,4080000,130124.46,137088.25,124511.68,72615.86,75362.02,66470.21,0,0,110990.81,0,0,0,0,0,0,0,0,0,0,0,0,0,0,0,0,0,0,0,0,0,0,0,0,0,0,0,"107Y3S"
10009,雲林縣,10009030,虎尾鎮,5828.35,2811.09,381.97,1271.81,1013.38,205.15,144.95,0,0,6300000,7650000,7750000,1800000,3300000,3445000,4200000,0,0,119323.83,145246.98,123091.13,108686.18,76586.12,103406.14,111512.14,0,0,175.55,0,0,54.08,121.47,0,0,0,0,4225000,0,0,5000000,3650000,0,0,0,0,98166.37,0,0,92448.83,103883.91,0,0,0,0,"107Y3S"
10009,雲林縣,10009150,褒忠鄉,645.52,140.7,0,49.31,439.92,15.59,0,0,0,5155000,5150000,0,3900000,7000000,1328060,0,0,0,90333.2,110385.74,0,79095.47,82556.18,85182.01,0,0,0,0,0,0,0,0,0,0,0,0,0,0,0,0,0,0,0,0,0,0,0,0,0,0,0,0,0,0,"107Y3S"
10009,雲林縣,10009140,東勢鄉,525.18,52.11,0,0,448.61,24.45,0,0,0,5020000,7000000,0,0,5020000,1043225,0,0,0,42660.54,134319.11,0,0,11190.18,42660.54,0,0,0,0,0,0,0,0,0,0,0,0,0,0,0,0,0,0,0,0,0,0,0,0,0,0,0,0,0,0,"107Y3S"
10009,雲林縣,10009130,麥寮鄉,2665.24,2297.65,68.46,237.37,61.76,0,0,0,0,5280000,5300000,8000000,4650000,4000000,0,0,0,0,114370.59,115031.,116863.81,75770.41,64762.17,0,0,0,0,28.68,0,0,28.68,0,0,0,0,0,2120000,0,0,2120000,0,0,0,0,0,73911.25,0,0,73911.25,0,0,0,0,0,"107Y3S"
10009,雲林縣,10009160,臺西鄉,244.63,0,0,0,244.63,0,0,0,0,2500000,0,0,0,2500000,0,0,0,0,34438.13,0,0,0,34438.13,0,0,0,0,0,0,0,0,0,0,0,0,0,0,0,0,0,0,0,0,0,0,0,0,0,0,0,0,0,0,0,"107Y3S"
10004,新竹縣,10004010,竹北市,38601.27,29319.51,1490.64,2703.03,1605.98,215.95,2635.39,0,630.78,8110000,8150000,15400000,9518000,4180000,7550000,20300000,0,10100000,231040.16,232083.72,256760.01,216458.25,134581.2,234046.11,264576.71,0,264668.13,23677.68,9781.67,6860.07,5813.03,1222.9,0,0,0,0,10000000,11600000,11690000,9300000,5335000,0,0,0,0,195197.26,207242.67,200551.44,186406.82,139167.43,0,0,0,0,"107Y3S"
10004,新竹縣,10004030,新埔鎮,2514.29,1362.19,380.41,116.67,284.58,257.03,0,41.28,72.13,5035000,5200000,21250000,18000000,866666,4800000,0,15000000,21800000,174994.29,184906.11,211234.04,154279.69,65726.4,186365.37,0,363379.58,302240.04,981.43,900.28,0,0,81.15,0,0,0,0,6990000,6980000,0,0,9250000,0,0,0,0,137061.77,138169.68,0,0,113984.09,0,0,0,0,"107Y3S"
10004,新竹縣,10004040,關西鎮,2545.89,2090.48,0,42.6,246.08,131.64,0,0,35.09,8150000,8830000,0,4100000,2750000,3225000,0,0,3050000,156403.78,160145.51,0,96234.87,65378.79,104394.19,0,0,86919.35,230.6,37.33,0,99.62,93.65,0,0,0,0,4965000,5680000,0,6700000,3625000,0,0,0,0,76900.38,152162.56,0,67258.09,76900.38,0,0,0,0,"107Y3S"
10004,新竹縣,10004090,北埔鄉,234.98,0,0,0,0,121.09,0,0,113.89,5100000,0,0,0,0,4100000,0,0,8650000,81745.11,0,0,0,0,69209.41,0,0,158867.57,0,0,0,0,0,0,0,0,0,0,0,0,0,0,0,0,0,0,0,0,0,0,0,0,0,0,0,"107Y3S"
10004,新竹縣,10004020,竹東鎮,6051.86,1748.06,362.66,1011.65,1531.32,31.47,24.79,43.02,1298.88,4510000,12400000,15100000,8100000,3400000,2690000,6300000,5050000,4150000,138849.64,187666.65,222606.83,139245.94,117563.62,140208.52,254136.01,117399.54,135582.72,3984.29,2254.11,124.71,382.56,1121.26,0,0,0,101.66,5615000,7530000,8360000,5180000,3960000,0,0,0,5815000,143479.98,157287.64,190273.93,136839.64,105146.37,0,0,0,113925.93,"107Y3S"
10004,新竹縣,10004070,芎林鄉,4264.92,3564.8,62.62,213.9,183.15,0,0,42.91,197.54,6155000,6180000,14800000,6430000,4280000,0,0,5626000,3430382,168610.37,169472.85,236355.65,95861.93,85242.56,0,0,131103.53,95756.62,139.79,75.24,0,0,64.54,0,0,0,0,4850000,5825000,0,0,4700000,0,0,0,0,154669.67,154812.39,0,0,72818.06,0,0,0,0,"107Y3S"
10004,新竹縣,10004110,峨眉鄉,79.7,0,0,9.02,70.68,0,0,0,0,2470000,0,0,340000,4600000,0,0,0,0,51385.9,0,0,37691.72,65080.08,0,0,0,0,0,0,0,0,0,0,0,0,0,0,0,0,0,0,0,0,0,0,0,0,0,0,0,0,0,0,0,"107Y3S"
10004,新竹縣,10004080,橫山鄉,433.71,210.43,0,117.1,0,0,64.81,41.36,0,8700000,8800000,0,25000000,0,0,6600000,6500000,0,159239.97,159873.82,0,213491.33,0,0,101839.91,157142.05,0,0,0,0,0,0,0,0,0,0,0,0,0,0,0,0,0,0,0,0,0,0,0,0,0,0,0,0,"107Y3S"
10004,新竹縣,10004100,寶山鄉,1126.64,224.14,0,489.72,375.27,0,0,0,37.52,8800000,8205000,0,16500000,9300000,0,0,0,6100000,173198.66,217879.89,0,173198.66,117859.54,0,0,0,162597.08,374.37,122.45,0,0,169.32,0,0,0,82.6,5025000,6200000,0,0,3875000,0,0,0,7000000,93328.17,165258.27,0,0,89186.28,0,0,0,84745.1,"107Y3S"
10004,新竹縣,10004050,湖口鄉,14993.89,6151.39,461.22,1211.67,5076.33,1067.56,246.82,229.96,548.96,4800000,5900000,7430000,3400000,4200000,4200000,4300000,12797000,3800000,159899.39,178308.85,165750.54,143449.41,113674.11,145766.98,162157.96,112369.37,153717.28,872.44,733.68,0,57.53,36.07,0,0,0,45.17,6700000,6700000,0,4230000,3760000,0,0,0,3560000,169126.15,169126.15,0,149055.08,104250.21,0,0,0,78819.87,"107Y3S"
10004,新竹縣,10004060,新豐鄉,8103.53,3675.82,880.12,1440.03,1126.59,218.15,0,0,762.82,6380000,6570000,8550000,6300000,3400000,3900000,0,0,5880000,143166.61,160172.18,155182.97,142403.05,99670.48,107420.11,0,0,116596.16,654.31,410.05,46.95,95.37,75.13,0,0,0,26.8,5000000,5160000,8150000,5185000,3050000,0,0,0,2900000,145318.28,148306.23,173585.13,108115.71,80574.92,0,0,0,108190.69,"107Y3S"
10010,嘉義縣,10010040,大林鎮,8652.04,7235.5,0,665.18,487.74,147.91,49.64,15.86,50.2,2925000,4937500,0,8650000,4460000,2500000,2700000,2546964,3900000,87679.14,133434.74,0,26007.9,87704.5,66702.69,108781.98,160620.29,77694.12,0,0,0,0,0,0,0,0,0,0,0,0,0,0,0,0,0,0,0,0,0,0,0,0,0,0,0,"107Y3S"
10010,嘉義縣,10010050,民雄鄉,5610.92,1605.65,151.56,648.26,1584.63,1368.45,154.92,97.45,0,3650000,7800000,6500000,3890000,3680000,2200000,2500000,961700,0,94556.72,129113.01,115159.46,100600.47,68049.44,74934.97,99359.75,144129.32,0,99.22,0,0,60.52,38.7,0,0,0,0,2800000,0,0,2765000,3500000,0,0,0,0,90449.09,0,0,91368.41,90449.09,0,0,0,0,"107Y3S"
10010,嘉義縣,10010070,新港鄉,2083.35,1636.68,0,141.6,201.68,74.01,29.38,0,0,8330000,8840000,0,6700000,25000000,1450000,4600000,0,0,137297.89,154254.56,0,90584.87,123958.88,36227.12,156559.37,0,0,0,0,0,0,0,0,0,0,0,0,0,0,0,0,0,0,0,0,0,0,0,0,0,0,0,0,0,"107Y3S"
10010,嘉義縣,10010060,溪口鄉,439.62,226.39,0,0,171.9,41.32,0,0,0,2475000,8000000,0,0,2475000,1230626,0,0,0,49100.46,35337.09,0,0,63297.98,29781.74,0,0,0,0,0,0,0,0,0,0,0,0,0,0,0,0,0,0,0,0,0,0,0,0,0,0,0,0,0,0,"107Y3S"
10010,嘉義縣,10010170,大埔鄉,87.74,0,0,0,57.54,30.2,0,0,0,2200000,0,0,0,2400000,2200000,0,0,0,79694.4,0,0,0,83993.9,72843.82,0,0,0,0,0,0,0,0,0,0,0,0,0,0,0,0,0,0,0,0,0,0,0,0,0,0,0,0,0,0,"107Y3S"
10010,嘉義縣,10010130,中埔鄉,2994.41,1874.25,0,53.22,480.57,419.12,150.14,17.11,0,7055000,7200000,0,9530000,3725000,3250000,2125000,1470000,0,136185.91,138629.09,0,179082.15,67573.09,101898.75,112679.15,85917.68,0,0,0,0,0,0,0,0,0,0,0,0,0,0,0,0,0,0,0,0,0,0,0,0,0,0,0,0,"107Y3S"
10010,嘉義縣,10010010,太保市,2882.46,603.94,437.84,857.01,746.44,237.24,0,0,0,3600000,6650000,5000000,2825000,3380000,3000000,0,0,0,88089.18,131687.83,141348.38,83986.07,76891.91,76522.8,0,0,0,1137.68,1066.45,0,0,71.23,0,0,0,0,7380000,7460000,0,0,975000,0,0,0,0,128189.39,128947.05,0,0,52451.43,0,0,0,0,"107Y3S"
10010,嘉義縣,10010120,水上鄉,4577.17,2467.34,77.33,408.34,537.18,956.83,98.27,12.16,19.74,5500000,7865099,4250000,5500000,4040000,2950000,1500000,1058750,1200000,127980.85,137966.28,107897.14,109410.39,87570.44,86955.4,96322.41,87064.68,60796.05,0,0,0,0,0,0,0,0,0,0,0,0,0,0,0,0,0,0,0,0,0,0,0,0,0,0,0,"107Y3S"
10010,嘉義縣,10010110,鹿草鄉,92.89,36.44,0,56.45,0,0,0,0,0,9030000,12000000,0,6060000,0,0,0,0,0,218320.67,329288.8,0,107352.54,0,0,0,0,0,0,0,0,0,0,0,0,0,0,0,0,0,0,0,0,0,0,0,0,0,0,0,0,0,0,0,0,"107Y3S"
10010,嘉義縣,10010080,六腳鄉,1507.39,0,0,1316.73,51.73,111.1,27.83,0,0,3700000,0,0,15700000,3600000,3800000,3060000,0,0,86784.33,0,0,11923.47,69587.34,103981.32,109953.29,0,0,0,0,0,0,0,0,0,0,0,0,0,0,0,0,0,0,0,0,0,0,0,0,0,0,0,0,0,"107Y3S"
10010,嘉義縣,10010030,布袋鎮,503.7,0,0,0,234.68,269.02,0,0,0,1900000,0,0,0,2280000,1000000,0,0,0,38498.96,0,0,0,54214.88,35182.9,0,0,0,0,0,0,0,0,0,0,0,0,0,0,0,0,0,0,0,0,0,0,0,0,0,0,0,0,0,0,"107Y3S"
10010,嘉義縣,10010020,朴子市,2751.33,1444.44,122.6,332.77,613.29,127.96,107.54,2.72,0,6850000,8930000,28500000,680000,4000000,3060000,9660000,1000000,0,126524.78,138211.66,232457.13,84444.79,79989.25,119431.35,202780.57,367309.46,0,309.63,238.24,0,0,71.39,0,0,0,0,8000000,8050000,0,0,3900000,0,0,0,0,131803.05,133911.43,0,0,54629.5,0,0,0,0,"107Y3S"
10010,嘉義縣,10010090,東石鄉,151.42,0,0,0,56.57,94.85,0,0,0,2000000,0,0,0,2900000,1750000,0,0,0,44438.57,0,0,0,51263.45,37266.56,0,0,0,0,0,0,0,0,0,0,0,0,0,0,0,0,0,0,0,0,0,0,0,0,0,0,0,0,0,0,"107Y3S"
10010,嘉義縣,10010100,義竹鄉,329.49,329.49,0,0,0,0,0,0,0,6900000,6900000,0,0,0,0,0,0,0,138572.2,138572.2,0,0,0,0,0,0,0,0,0,0,0,0,0,0,0,0,0,0,0,0,0,0,0,0,0,0,0,0,0,0,0,0,0,0,"107Y3S"
10010,嘉義縣,10010140,竹崎鄉,1187.06,864.71,0,0,69.21,250.92,0,0,2.22,7330000,8400000,0,0,5030000,1760000,0,0,31818,124406.67,154973.26,0,0,158800.8,69021.02,0,0,14310.68,57.,57.,0,0,0,0,0,0,0,8100000,8100000,0,0,0,0,0,0,0,142105.08,142105.08,0,0,0,0,0,0,0,"107Y3S"
10010,嘉義縣,10010150,梅山鄉,757.95,477.3,0,0,143.39,90.06,47.2,0,0,5200000,6050000,0,0,3800000,2000000,1675000,0,0,119380.9,122789.78,0,0,84387.9,61390.03,73383.85,0,0,0,0,0,0,0,0,0,0,0,0,0,0,0,0,0,0,0,0,0,0,0,0,0,0,0,0,0,"107Y3S"
10010,嘉義縣,10010160,番路鄉,517.31,0,0,0,486.37,30.94,0,0,0,2800000,0,0,0,2400000,3100000,0,0,0,69226.63,0,0,0,67916.18,100194.9,0,0,0,0,0,0,0,0,0,0,0,0,0,0,0,0,0,0,0,0,0,0,0,0,0,0,0,0,0,0,"107Y3S"
10007,彰化縣,10007200,二林鎮,2876.4,388.87,61.19,804.5,829.45,643.07,71.76,77.56,0,4700000,6500000,8000000,4400000,4950000,2800000,2100000,10100000,0,89218.56,114413.52,130734.5,72721.67,89218.56,75895.36,58401.5,130215.01,0,36.12,0,0,0,36.12,0,0,0,0,3080000,0,0,0,3080000,0,0,0,0,85274.86,0,0,0,85274.86,0,0,0,0,"107Y3S"
10007,彰化縣,10007240,大城鄉,48.6,0,0,0,48.6,0,0,0,0,2600000,0,0,0,2600000,0,0,0,0,53495.,0,0,0,53495.,0,0,0,0,0,0,0,0,0,0,0,0,0,0,0,0,0,0,0,0,0,0,0,0,0,0,0,0,0,0,0,"107Y3S"
10007,彰化縣,10007250,竹塘鄉,332.,54.89,0,0,255.64,0,0,21.47,0,2650000,8360000,0,0,2650000,0,0,1300000,0,58660.31,152316.82,0,0,57364.01,0,0,60545.52,0,0,0,0,0,0,0,0,0,0,0,0,0,0,0,0,0,0,0,0,0,0,0,0,0,0,0,0,"107Y3S"
10007,彰化縣,10007230,芳苑鄉,1092.59,0,56.69,215.75,262.92,523.05,34.19,0,0,2600000,0,8200000,1800000,3200000,2000000,2600000,0,0,56090.3,0,144642.43,41748.5,70154.6,66514.79,76055.58,0,0,0,0,0,0,0,0,0,0,0,0,0,0,0,0,0,0,0,0,0,0,0,0,0,0,0,0,0,"107Y3S"
10007,彰化縣,10007190,北斗鎮,2111.92,1278.26,0,59.38,384.49,361.09,0,28.7,0,6550000,7700000,0,8000000,5380000,3550000,0,6800000,0,138124.73,149975.49,0,134723.8,88090.78,106914.43,0,236948.87,0,0,0,0,0,0,0,0,0,0,0,0,0,0,0,0,0,0,0,0,0,0,0,0,0,0,0,0,"107Y3S"
10007,彰化縣,10007210,田尾鄉,587.92,117.04,0,353.51,44.93,72.44,0,0,0,6500000,11260000,0,8750000,4600000,3850000,0,0,0,110816.18,192416.89,0,146886.61,102373.85,107060.98,0,0,0,0,0,0,0,0,0,0,0,0,0,0,0,0,0,0,0,0,0,0,0,0,0,0,0,0,0,0,"107Y3S"
10007,彰化縣,10007220,埤頭鄉,452.82,274.58,0,0,150.04,0,28.2,0,0,5950000,6750000,0,0,3138331,0,6300000,0,0,120755.53,127515.5,0,0,80881.03,0,223411.78,0,0,0,0,0,0,0,0,0,0,0,0,0,0,0,0,0,0,0,0,0,0,0,0,0,0,0,0,0,"107Y3S"
10007,彰化縣,10007260,溪州鄉,1262.36,913.68,58.14,40.93,145.74,62.36,41.52,0,0,6750000,7679752,6300000,4300000,2625000,3725000,3000000,0,0,104956.22,105118.54,108358.2,105054.14,69331.84,121176.01,72262.86,0,0,0,0,0,0,0,0,0,0,0,0,0,0,0,0,0,0,0,0,0,0,0,0,0,0,0,0,0,"107Y3S"
10007,彰化縣,10007180,二水鄉,701.66,382.04,56.77,52.53,132.65,39.39,38.28,0,0,5100000,6400000,24000000,3600000,4500000,3000000,1200000,0,0,72349.81,146180.3,422734.67,68529.46,67849.64,76170.16,31349.31,0,0,0,0,0,0,0,0,0,0,0,0,0,0,0,0,0,0,0,0,0,0,0,0,0,0,0,0,0,"107Y3S"
10007,彰化縣,10007120,田中鎮,4456.15,1178.,50.3,61.04,2927.79,179.14,59.87,0,0,6465000,7050000,8595000,7760000,5050000,3800000,4350000,0,0,128531.,130715.8,529259.27,127120.38,81936.48,130476.91,145870.92,0,0,0,0,0,0,0,0,0,0,0,0,0,0,0,0,0,0,0,0,0,0,0,0,0,0,0,0,0,"107Y3S"
10007,彰化縣,10007170,社頭鄉,1007.12,338.19,0,92.66,268.44,307.84,0,0,0,6675000,8640000,0,9100000,4100000,4980000,0,0,0,139976.48,148588.44,0,184434.5,131281.54,102779.99,0,0,0,0,0,0,0,0,0,0,0,0,0,0,0,0,0,0,0,0,0,0,0,0,0,0,0,0,0,0,"107Y3S"
10007,彰化縣,10007050,伸港鄉,4274.91,2838.19,6.05,112.48,370.17,803.01,125.66,19.35,0,7600000,7675000,21800000,7025000,4250000,5100000,12003333,5530000,0,125205.96,149801.92,3603305.79,124954.24,90320.2,108099.59,95518.85,285819.13,0,160.77,69.26,0,0,91.51,0,0,0,0,4360000,8800000,0,0,2930000,0,0,0,0,70711.98,127056.73,0,0,60481.03,0,0,0,0,"107Y3S"
10007,彰化縣,10007030,和美鎮,6783.8,3745.73,555.67,247.96,1188.13,693.85,269.07,67.42,15.97,5680000,5800000,8200000,8000000,4240000,4250000,3800000,10000000,14650000,159144.71,162119.61,160565.79,165880.2,113248.75,139084.86,127961.59,292245.74,917403.9,119.61,0,0,73.82,45.79,0,0,0,0,7250000,0,0,9000000,5500000,0,0,0,0,121015.92,0,0,121924.7,120107.14,0,0,0,0,"107Y3S"
10007,彰化縣,10007040,線西鄉,716.84,616.23,0,0,65.88,34.73,0,0,0,5600000,5640000,0,0,4650000,2450000,0,0,0,140242.25,140779.13,0,0,142592.28,70550.29,0,0,0,0,0,0,0,0,0,0,0,0,0,0,0,0,0,0,0,0,0,0,0,0,0,0,0,0,0,0,"107Y3S"
10007,彰化縣,10007130,大村鄉,1948.62,810.63,51.61,324.28,626.14,135.96,0,0,0,5600000,8100000,3190000,4325000,5200000,3200000,0,0,0,127585.99,159280.44,123524.89,107048.25,89994.15,104613.45,0,0,0,134.72,0,0,44.88,89.84,0,0,0,0,3750000,0,0,4880000,3750000,0,0,0,0,83482.23,0,0,108744.4,83482.23,0,0,0,0,"107Y3S"
10007,彰化縣,10007160,永靖鄉,461.39,68.96,0,184.08,110.53,85.82,12.,0,0,7500000,9550000,0,6000000,8900000,6550000,4200000,0,0,159207.53,429356.79,0,136080.73,153924.84,157831.77,349994.9,0,0,0,0,0,0,0,0,0,0,0,0,0,0,0,0,0,0,0,0,0,0,0,0,0,0,0,0,0,"107Y3S"
10007,彰化縣,10007100,員林市,11389.09,7582.55,313.68,428.73,1631.57,900.57,430.19,101.8,0,5850000,6175000,17000000,8900000,4150000,4700000,5100000,15850000,0,166759.99,172500.56,224157.27,142533.45,118039.89,151845.,159790.09,322242.89,0,4157.58,3636.03,123.16,0,398.38,0,0,0,0,6590000,6620000,5120000,0,4500000,0,0,0,0,154709.51,154918.94,160096.9,0,125675.75,0,0,0,0,"107Y3S"
10007,彰化縣,10007020,鹿港鎮,5759.56,2240.49,239.23,732.54,1349.14,984.32,180.2,33.65,0,7100000,8050000,31500000,16982856,6300000,4658986,3000000,24800000,0,140243.22,151367.95,250013.09,552008.96,96109.01,130233.19,104984.19,736996.32,0,371.,0,0,288.1,82.9,0,0,0,0,4050000,0,0,4150000,4000000,0,0,0,0,87881.32,0,0,82410.72,126607.37,0,0,0,0,"107Y3S"
10007,彰化縣,10007060,福興鄉,1831.28,949.21,0,98.11,383.41,392.69,7.85,0,0,6175000,6625000,0,1580000,4650000,2750000,1800000,0,0,112240.64,131031.69,0,35347.03,96082.73,68703.97,229391.41,0,0,0,0,0,0,0,0,0,0,0,0,0,0,0,0,0,0,0,0,0,0,0,0,0,0,0,0,0,"107Y3S"
10007,彰化縣,10007150,埔心鄉,5791.08,2321.54,0,196.24,3123.65,87.35,62.3,0,0,8455000,8750000,0,6000000,5400000,4190000,6125000,0,0,149659.12,157808.93,0,130072.21,99123.99,89553.56,281330.55,0,0,0,0,0,0,0,0,0,0,0,0,0,0,0,0,0,0,0,0,0,0,0,0,0,0,0,0,0,"107Y3S"
10007,彰化縣,10007140,埔鹽鄉,1010.3,568.38,0,36.63,330.94,74.35,0,0,0,6600000,6925000,0,3800000,3100000,1450000,0,0,0,115918.51,133077.06,0,103749.45,69595.48,57544.9,0,0,0,0,0,0,0,0,0,0,0,0,0,0,0,0,0,0,0,0,0,0,0,0,0,0,0,0,0,0,"107Y3S"
10007,彰化縣,10007110,溪湖鎮,2744.13,1353.62,165.31,333.58,584.35,273.39,0,33.89,0,9000000,14240000,21000000,9506000,6000000,4396500,0,13635304,0,153091.33,158813.19,233134.38,143824.84,120790.85,132857.53,0,402351.02,0,133.22,0,0,133.22,0,0,0,0,0,5000000,0,0,5000000,0,0,0,0,0,180041.,0,0,180041.,0,0,0,0,0,"107Y3S"
10007,彰化縣,10007070,秀水鄉,6680.33,1225.13,2.69,207.63,363.93,39.61,4841.35,0,0,8000000,8150000,10000000,6650000,6000000,1287650,9065086,0,0,141480.59,143909.63,3722731.,125336.1,161500.21,32506.26,5617.29,0,0,0,0,0,0,0,0,0,0,0,0,0,0,0,0,0,0,0,0,0,0,0,0,0,0,0,0,0,"107Y3S"
10007,彰化縣,10007080,花壇鄉,2190.39,916.8,104.05,357.53,479.49,316.55,15.98,0,0,7650000,10180000,9340000,9500000,5200000,3900000,2600000,0,0,154516.05,170183.42,179171.12,157205.58,116958.75,136299.17,162723.24,0,0,443.49,443.49,0,0,0,0,0,0,0,9500000,9500000,0,0,0,0,0,0,0,193392.56,193392.56,0,0,0,0,0,0,0,"107Y3S"
10007,彰化縣,10007090,芬園鄉,494.31,118.71,0,59.47,258.83,57.3,0,0,0,5700000,20500000,0,7000000,5000000,4600000,0,0,0,119589.95,172685.24,0,117715.41,114032.71,158874.67,0,0,0,0,0,0,0,0,0,0,0,0,0,0,0,0,0,0,0,0,0,0,0,0,0,0,0,0,0,0,"107Y3S"
10007,彰化縣,10007010,彰化市,12836.22,1632.97,0,1859.37,3430.37,3303.65,2365.26,233.55,11.06,5840000,14420000,0,7800000,4300000,4950000,6000000,4700000,2400000,152411.77,207637.56,0,163597.67,116751.4,160197.48,191735.54,177102.36,217009.96,3188.9,530.33,117.78,432.37,2108.43,0,0,0,0,5090000,11040000,8100000,7594000,4625000,0,0,0,0,120888.48,203210.38,137607.36,141241.25,117647.1,0,0,0,0,"107Y3S"
66000,臺中市,66000010,中區,2217.43,150.4,0,0,536.28,682.89,445.82,63.85,338.18,1465000,21600000,0,0,1500000,1240000,1083076,4900000,16725000,122291.55,281451.57,0,0,132231.64,105693.28,87897.9,143638.79,251573.78,192.02,104.21,0,0,87.81,0,0,0,0,9550000,10450000,0,0,8800000,0,0,0,0,174315.32,201984.02,0,0,100216.72,0,0,0,0,"107Y3S"
66000,臺中市,66000040,西區,10738.4,1226.18,575.62,1152.71,3718.96,2431.58,1417.4,195.91,20.04,5000000,57210000,11315000,10300000,2800000,4320000,9600000,10800000,16200000,182682.12,459833.48,296955.84,242120.07,150069.33,163347.24,237911.85,437930.72,808358.02,7124.3,898.2,398.5,1723.47,3686.43,193.44,224.26,0,0,9500000,21500000,28250000,12900000,6080000,6000000,16000000,0,0,189727.64,252604.5,296340.52,257496.91,169125.52,144813.72,71346.28,0,0,"107Y3S"
66000,臺中市,66000020,東區,5822.61,1843.4,151.73,872.59,941.13,1375.4,341.09,104.,193.28,6780000,8025000,2750000,6425000,3525000,4650000,9100000,5450000,4790000,169720.86,191959.81,198860.53,150720.34,151418.86,143603.7,297617.39,278929.79,240548.11,1538.02,597.43,281.96,185.42,473.21,0,0,0,0,6000000,10050000,3800000,6825000,4800000,0,0,0,0,167526.94,208777.91,167540.77,177278.88,137624.02,0,0,0,0,"107Y3S"
66000,臺中市,66000030,南區,10989.4,2901.71,299.43,1612.03,4024.76,884.85,846.93,90.99,328.69,5300000,9405000,10960000,5150000,4290000,3555000,9900000,8050000,3900000,169503.3,243304.43,229221.77,199656.81,140186.21,148212.23,277513.5,270113.38,185138.56,8858.54,2732.41,869.69,2064.52,3191.91,0,0,0,0,7180000,11135000,8500000,6450000,6350000,0,0,0,0,180157.42,215200.2,208068.33,176943.97,148712.22,0,0,0,0,"107Y3S"
66000,臺中市,66000080,北屯區,32495.45,16889.27,1404.58,3402.08,6698.54,3238.52,741.12,76.34,44.99,7800000,8700000,10000000,13000000,4500000,4170000,9500000,11052400,8100000,192353.77,212066.59,223013.21,229562.02,151571.99,150975.11,360933.99,414250.11,376599.53,21658.,10141.85,2286.41,2184.38,7016.5,28.86,0,0,0,7995000,9100000,10500000,7750000,5900000,6150000,0,0,0,172052.64,188669.46,225824.9,194978.18,150692.62,213108.79,0,0,0,"107Y3S"
66000,臺中市,66000050,北區,16578.13,3906.93,615.34,1570.2,4228.25,4246.43,1278.62,530.84,201.52,4200000,16700000,4530000,6425000,1700000,4200000,7365000,23504720,7500000,169264.15,300101.85,282534.59,195779.94,144423.02,158779.3,253217.45,558023.04,437942.97,7805.84,779.72,702.39,1716.79,4510.3,96.65,0,0,0,7380000,14000000,8350000,7500000,6475000,6235000,0,0,0,171622.78,261563.2,225718.41,195290.81,142671.49,127295.99,0,0,0,"107Y3S"
66000,臺中市,66000060,西屯區,32052.5,14653.32,2068.24,2725.59,6998.42,4818.17,742.65,46.11,0,8000000,18180000,7280000,8660000,3230000,6940200,15800000,19580000,0,247549.81,334602.1,258275.64,244713.03,170278.26,207493.85,525789.04,424663.91,0,25459.14,8368.51,5871.84,4577.41,6443.17,198.21,0,0,0,10200000,22000000,18600000,9800000,6375000,21229100,0,0,0,224507.4,288566.97,256164.75,233160.36,163790.11,184042.51,0,0,0,"107Y3S"
66000,臺中市,66000070,南屯區,25184.46,18810.94,585.86,1266.67,3431.97,894.72,194.29,0,0,10900000,12110000,18800000,7600000,4950000,13000000,12150000,0,0,297438.07,311980.14,330813.42,253541.04,163749.12,353749.08,458298.72,0,0,15038.57,4735.81,1837.16,3365.29,5100.31,0,0,0,0,9145000,18200000,12350000,11065000,6000000,0,0,0,0,202085.77,246315.76,225722.6,242415.53,181721.52,0,0,0,0,"107Y3S"
66000,臺中市,66000110,大甲區,8114.82,2128.22,157.4,3585.52,1342.02,492.13,337.24,72.29,0,6700000,6880000,14750000,8250000,5300000,9150000,5300000,7800000,0,157549.96,180140.36,194935.78,95744.14,113636.36,159478.69,136274.03,107905.61,0,306.04,151.05,0,0,154.99,0,0,0,0,4080000,8600000,0,0,3600000,0,0,0,0,113878.44,113869.32,0,0,117212.16,0,0,0,0,"107Y3S"
66000,臺中市,66000220,大安區,587.28,353.5,0,0,112.78,77.69,43.31,0,0,10255000,10300000,0,0,11665000,4025000,1850000,0,0,143874.56,151093.81,0,0,186506.7,101539.37,42713.39,0,0,0,0,0,0,0,0,0,0,0,0,0,0,0,0,0,0,0,0,0,0,0,0,0,0,0,0,0,"107Y3S"
66000,臺中市,66000210,外埔區,684.41,101.71,110.19,98.31,255.39,118.81,0,0,0,5500000,7625000,8550000,15000000,2900000,4500000,0,0,0,121450.51,149910.74,154762.48,152574.7,89393.41,119342.42,0,0,0,0,0,0,0,0,0,0,0,0,0,0,0,0,0,0,0,0,0,0,0,0,0,0,0,0,0,0,"107Y3S"
66000,臺中市,66000280,大里區,17121.62,7496.84,660.87,2265.5,3652.65,2148.35,797.92,0,99.5,6825000,10715000,14190000,9250000,4000000,4540000,5300000,0,6000000,176357.09,212897.65,239890.99,193266.51,124230.69,185668.75,199330.47,0,175839.63,4688.08,1662.26,636.72,497.19,1891.92,0,0,0,0,6425000,8900000,9025000,7050000,4275000,0,0,0,0,156713.83,195626.88,180323.54,173672.28,128138.56,0,0,0,0,"107Y3S"
66000,臺中市,66000230,烏日區,3234.21,1620.1,195.23,333.35,564.85,401.84,118.84,0,0,7320000,8750000,10225000,10300000,4500000,4500000,5500000,0,0,178820.17,194343.25,198657.18,162628.07,122470.99,127747.54,183354.58,0,0,4876.15,3954.11,321.47,0,600.57,0,0,0,0,8000000,8850000,7600000,0,4800000,0,0,0,0,166420.46,173388.16,170644.51,0,125348.63,0,0,0,0,"107Y3S"
66000,臺中市,66000260,霧峰區,5098.32,2266.35,490.93,529.28,1376.95,175.04,259.78,0,0,7000000,5420000,8666666,10000000,4780000,6825000,7800000,0,0,161589.88,153915.36,216845.72,180632.78,110007.86,238844.29,189576.06,0,0,294.86,31.92,0,147.92,115.02,0,0,0,0,3587500,7880000,0,3175000,8250000,0,0,0,0,141056.74,246868.71,0,131121.45,151580.99,0,0,0,0,"107Y3S"
66000,臺中市,66000270,太平區,17973.36,7782.17,790.03,1173.9,4070.84,3486.19,670.24,0,0,7680000,9455000,14500000,9950000,3850000,6500000,6500000,0,0,195543.98,204877.21,234785.88,190190.07,127760.36,209059.6,233799.63,0,0,6094.26,3211.18,242.53,321.53,2319.03,0,0,0,0,6900000,8700000,7720000,6250000,4390000,0,0,0,0,154979.73,175733.14,170969.79,149850.15,117199.73,0,0,0,0,"107Y3S"
66000,臺中市,66000200,石岡區,213.75,0,0,140.56,0,73.19,0,0,0,4100000,0,0,4210000,0,3650000,0,0,0,64415.6,0,0,62810.86,0,110171.69,0,0,0,0,0,0,0,0,0,0,0,0,0,0,0,0,0,0,0,0,0,0,0,0,0,0,0,0,0,0,"107Y3S"
66000,臺中市,66000100,東勢區,2907.27,1570.4,134.62,309.08,582.7,263.67,34.06,0,12.75,5800000,8800000,9500000,5640000,4800000,3915000,5500000,0,2500000,148489.25,149597.29,143264.77,114250.14,94777.97,110024.89,161472.63,0,196119.19,378.56,235.76,0,142.81,0,0,0,0,0,5490000,5750000,0,4715000,0,0,0,0,0,131376.77,135084.95,0,70874.58,0,0,0,0,0,"107Y3S"
66000,臺中市,66000190,新社區,584.21,283.69,121.67,45.25,53.48,0,53.39,26.73,0,8500000,10500000,8400000,6100000,5500000,0,2930000,4100000,0,153392.02,188421.34,138083.52,134812.74,102838.34,0,54877.91,153392.02,0,0,0,0,0,0,0,0,0,0,0,0,0,0,0,0,0,0,0,0,0,0,0,0,0,0,0,0,"107Y3S"
66000,臺中市,66000240,大肚區,4762.78,1902.28,69.46,586.65,787.04,802.12,615.22,0,0,6850000,7700000,7700000,8495000,5150000,3430000,40795000,0,0,149753.66,152312.98,110855.09,154269.38,98329.88,130475.91,142132.42,0,0,80.02,0,0,37.52,42.5,0,0,0,0,3715000,0,0,3680000,3750000,0,0,0,0,93158.88,0,0,98091.35,88226.42,0,0,0,0,"107Y3S"
66000,臺中市,66000130,沙鹿區,11565.07,7080.11,1463.54,1132.28,495.72,820.27,222.15,0,350.99,7650000,9200000,9500000,6650000,7975000,4375000,6100000,0,8850000,166455.71,164869.61,184999.58,147339.88,178694.92,121965.57,154479.67,0,180257.56,277.61,168.31,42.46,38.3,28.54,0,0,0,0,6265000,7500000,6080000,5200000,3880000,0,0,0,0,139622.65,168276.49,143197.3,135761.2,135959.79,0,0,0,0,"107Y3S"
66000,臺中市,66000140,梧棲區,6444.18,3969.98,181.35,203.67,1474.6,456.01,158.57,0,0,7800000,8688000,2350000,8500000,3880000,4100000,9000000,0,0,149024.06,158767.9,142764.94,166119.86,93604.65,80126.88,122436.49,0,0,733.05,312.76,0,0,420.29,0,0,0,0,5500000,5800000,0,0,2950000,0,0,0,0,120037.27,121019.94,0,0,50143.84,0,0,0,0,"107Y3S"
66000,臺中市,66000120,清水區,9708.22,6450.8,311.02,1054.34,443.86,669.13,629.92,0,149.16,5560000,5645000,10600000,6000000,6200000,3860000,2378462,0,22112757,135501.11,147753.78,179902.06,104899.45,145990.13,112200.21,57908.89,0,235293.77,482.32,318.86,0,163.46,0,0,0,0,0,5000000,4650000,0,5480000,0,0,0,0,0,125287.37,125721.56,0,102488.67,0,0,0,0,0,"107Y3S"
66000,臺中市,66000250,龍井區,5301.45,1986.16,384.08,503.01,1735.55,692.65,0,0,0,8000000,8500000,9800000,11990000,5100000,6650000,0,0,0,161903.99,166892.41,187672.65,165758.59,133418.04,216739.88,0,0,0,716.42,156.57,17.67,0,542.18,0,0,0,0,3000000,19630000,1300000,0,3000000,0,0,0,0,129823.76,226436.91,147124.98,0,113076.67,0,0,0,0,"107Y3S"
66000,臺中市,66000180,大雅區,7496.87,3176.58,131.46,598.93,2292.14,1268.24,29.52,0,0,8450000,8695000,12500000,8300000,6700000,4500000,9000000,0,0,201937.69,222693.81,270312.77,169104.68,154130.66,158007.92,304836.74,0,0,1580.82,922.62,122.5,73.28,462.42,0,0,0,0,7920000,9000000,8900000,5650000,5350000,0,0,0,0,163836.16,188598.88,205275.14,155103.27,140865.17,0,0,0,0,"107Y3S"
66000,臺中市,66000170,潭子區,9400.67,3850.84,540.01,346.13,2211.91,1123.97,1295.02,32.78,0,7300000,7270000,18750000,5650000,4500000,9595000,23000000,3500000,0,187157.41,189375.68,245227.79,186337.68,151454.87,249169.39,607902.77,106756.3,0,2494.7,468.5,0,409.19,1617.,0,0,0,0,6060000,8900000,0,6000000,5665000,0,0,0,0,150427.74,194760.1,0,151714.78,141593.37,0,0,0,0,"107Y3S"
66000,臺中市,66000150,后里區,3710.21,2074.36,416.43,356.04,205.55,321.46,336.37,0,0,8050000,8060000,9500000,31900000,7075000,3299547,7800000,0,0,169561.32,169734.28,193345.89,218502.04,141597.8,84271.27,180315.55,0,0,54.34,54.34,0,0,0,0,0,0,0,9000000,9000000,0,0,0,0,0,0,0,165611.28,165611.28,0,0,0,0,0,0,0,"107Y3S"
66000,臺中市,66000160,神岡區,2824.43,575.45,149.97,291.96,1039.7,578.61,160.44,28.31,0,5860000,10500000,12840000,11080000,4930000,5900000,4200000,11280000,0,167044.64,215117.49,173723.06,181917.67,122589.13,167044.64,148431.66,398389.49,0,295.6,23.81,0,0,271.79,0,0,0,0,4825000,4850000,0,0,4800000,0,0,0,0,134496.93,203697.85,0,0,132438.19,0,0,0,0,"107Y3S"
66000,臺中市,66000090,豐原區,11590.59,4151.68,315.23,821.99,2744.16,1840.79,1246.2,470.53,0,8320000,13430000,15000000,5000000,4875000,6750000,6250000,6800000,0,199377.97,216468.95,233201.06,156830.96,140902.8,184051.99,218023.05,248555.27,0,2556.62,958.18,81.09,436.02,1081.33,0,0,0,0,5800000,9050000,6980000,5208000,4500000,0,0,0,0,151089.34,186153.04,175105.17,148698.88,132799.61,0,0,0,0,"107Y3S"
63000,臺北市,63000110,士林區,4740.98,933.24,654.31,222.74,347.25,1736.37,634.79,163.87,48.4,15340000,26780000,26480000,13400000,7540000,16100000,10400000,19880000,5000000,528206.56,915275.46,848621.44,865640.56,569573.18,462056.12,486554.05,606151.08,386189.85,3092.09,939.89,431.15,783.13,707.95,229.98,0,0,0,26000000,20000000,29900000,21330000,31475000,26000000,0,0,0,520304.27,500260.68,665684.57,455447.6,590461.58,452599.28,0,0,0,"107Y3S"
63000,臺北市,63000120,北投區,8501.84,3807.1,298.07,521.88,697.96,1702.52,1301.91,113.54,58.85,15053700,22750000,14800000,14280000,13150000,10980000,11200000,36285000,11000000,495143.74,657808.18,582596.48,441198.32,458464.02,356172.5,395247.46,559863.26,373862.,3382.1,1424.89,458.43,783.83,584.51,80.7,49.73,0,0,16180000,16680000,15090000,21140000,13100000,13250000,17000000,0,0,427873.14,426162.69,428600.58,467751.21,430078.96,419636.45,341818.3,0,0,"107Y3S"
63000,臺北市,63000030,大安區,7037.97,1547.72,275.77,151.09,208.79,2451.16,670.32,132.84,1600.29,22475000,22560000,14500000,11125000,10125000,25040000,25300000,23900000,24715000,840742.13,1190659.16,1035554.9,1049218.74,784765.09,743360.36,778418.73,979842.86,796018.07,2319.22,829.64,172.47,501.3,362.64,453.17,0,0,0,53880000,76880000,87790000,43630000,47555000,45540000,0,0,0,842238.25,1037973.28,1038962.37,819978.11,815922.53,841051.84,0,0,0,"107Y3S"
63000,臺北市,63000040,中山區,9524.61,1860.38,878.59,1002.65,1352.69,2630.25,1238.2,121.03,440.8,13650000,19598385,12800000,11730000,15800000,10395000,13050000,17400000,14000000,623733.04,867828.4,729542.41,743447.1,624069.47,522240.94,519767.44,695870.57,580040.58,2180.53,260.76,645.75,760.35,513.67,0,0,0,0,26150000,38550000,27690000,22550000,31200000,0,0,0,0,645209.1,767933.93,664976.4,603413.25,574766.27,0,0,0,0,"107Y3S"
63000,臺北市,63000100,內湖區,10242.41,4535.44,1021.28,1163.18,1004.87,2241.02,188.06,0,88.56,15800000,58630000,25750000,11000000,13910000,13290000,15200000,0,13000000,539674.86,845642.47,623936.89,549825.83,490839.52,437072.38,638961.52,0,437763.13,6339.49,1951.46,1237.87,2230.83,676.83,242.5,0,0,0,27750000,52000000,25290000,39600000,20450000,29540000,0,0,0,514250.39,679354.85,506573.25,503778.34,443375.08,507220.48,0,0,0,"107Y3S"
63000,臺北市,63000050,中正區,4723.16,1651.82,97.54,295.32,338.1,642.83,794.04,49.33,854.19,21000000,25700000,15500000,11000000,15600000,14000000,31000000,31200000,14000000,991364.52,1382452.91,1103419.89,903219.98,772517.23,573125.87,876415.84,632530.94,684176.75,853.15,369.29,0,334.77,97.39,51.69,0,0,0,31280000,30000000,0,48880000,40500000,31280000,0,0,0,696975.4,676509.59,0,743831.05,766056.38,605132.01,0,0,0,"107Y3S"
63000,臺北市,63000080,文山區,7042.76,2318.48,360.43,725.01,1112.74,1404.23,238.,26.7,857.16,13500000,29000000,21960000,13550000,11490000,11680000,12340000,13200000,9850000,482998.81,673281.46,609525.16,547342.48,467358.28,408278.88,463793.76,494351.01,420472.71,3130.21,505.39,477.02,1152.42,995.38,0,0,0,0,20325000,36500000,22100000,23500000,16300000,0,0,0,0,402950.03,503158.34,460748.86,437761.17,377642.17,0,0,0,0,"107Y3S"
63000,臺北市,63000010,松山區,6919.52,2962.65,236.82,450.18,607.15,1041.24,666.39,47.49,907.61,13550000,11854838,15800000,20780000,16075000,24800000,15400000,23580000,19000000,629725.19,317130.87,918929.88,687330.,643308.56,700454.31,675048.69,496531.07,684270.15,931.23,0,176.72,286.77,225.37,242.37,0,0,0,30000000,0,63750000,34650000,25670000,30000000,0,0,0,566551.86,0,724798.7,566551.86,525942.09,559786.84,0,0,0,"107Y3S"
63000,臺北市,63000020,信義區,4225.08,215.89,91.87,461.54,425.61,1274.17,540.76,0,1215.25,16800000,50790000,13700000,17450000,16500000,17580000,16250000,0,16800000,671547.,850185.62,1036566.26,1146462.89,570060.51,606331.04,696083.31,0,609923.45,2194.45,175.69,323.86,163.19,1409.26,54.59,0,0,67.86,32750000,25300000,35990000,17800000,57590000,34000000,0,0,64000000,703188.35,628136.41,851261.01,500531.82,744994.81,622834.39,0,0,943078.58,"107Y3S"
63000,臺北市,63000090,南港區,2864.26,536.82,526.24,376.82,382.98,363.07,145.43,0,532.91,14590000,40200000,24360000,21580000,14500000,13000000,10500000,0,11565000,495744.34,726334.62,679208.83,489695.7,397188.46,438533.57,365915.49,0,429670.21,1783.57,430.58,357.21,612.86,382.92,0,0,0,0,24900000,25580000,30500000,24900000,24500000,0,0,0,0,552696.97,561540.47,597525.46,522162.14,472654.64,0,0,0,0,"107Y3S"
63000,臺北市,63000060,大同區,2194.11,408.24,26.76,161.62,176.44,753.59,314.49,72.39,280.59,12825000,20700000,7725000,15825000,9900000,14880000,10800000,6250000,8700000,499033.92,655807.02,581750.73,565873.64,484682.78,431663.84,497249.02,384460.98,459502.31,953.8,340.08,312.49,194.43,106.81,0,0,0,0,32140000,40002503,23100000,31280000,22775000,0,0,0,0,554096.1,635339.17,565935.22,514206.01,425275.77,0,0,0,0,"107Y3S"
63000,臺北市,63000070,萬華區,3543.18,1334.05,104.3,247.76,166.66,825.55,513.18,57.6,294.09,8175000,22580000,24750000,7566666,11660000,11400000,6000000,7460000,390000,489157.53,672727.95,560735.42,514133.02,472527.76,409560.13,341961.62,399447.03,489157.53,1417.02,922.15,276.,132.41,86.45,0,0,0,0,26260000,34350000,22880000,17280000,20670000,0,0,0,0,502604.36,516787.02,507438.26,415694.5,478170.6,0,0,0,0,"107Y3S"
65000,新北市,65000020,三重區,16543.57,5616.86,1201.59,1925.65,2230.78,3130.88,2070.7,367.1,0,9325000,21545000,11250000,10800000,9200000,7700000,6500000,12050000,0,378651.89,453046.96,415545.81,377337.66,363203.32,301920.79,315021.88,495867.77,0,7260.46,1198.29,1423.5,2693.4,1945.27,0,0,0,0,17500000,17075000,20500000,17500000,15550000,0,0,0,0,342829.88,408339.13,376282.79,326619.22,315040.46,0,0,0,0,"107Y3S"
65000,新北市,65000140,蘆洲區,9308.85,3680.05,253.87,1138.41,2102.04,1754.66,311.87,67.95,0,10200000,12750000,11500000,10650000,9650000,7800000,7950000,7591000,0,351946.71,391227.15,421433.89,352296.68,317574.51,277578.31,346962.24,223378.6,0,5812.89,3365.88,333.54,1178.79,934.68,0,0,0,0,13800000,17420000,21000000,13200000,11950000,0,0,0,0,299717.03,365755.92,337060.44,296203.78,273561.78,0,0,0,0,"107Y3S"
65000,新北市,65000030,中和區,23627.03,7923.27,2008.23,2745.94,3169.18,4895.76,2856.5,21.84,6.3,9550000,13935000,11740000,10400000,8500000,8375000,7425000,5905000,3000000,399850.93,488409.84,407946.8,412939.53,388334.61,309811.25,346007.59,560928.46,476337.91,8852.32,960.5,2228.26,3390.17,2112.6,160.79,0,0,0,14750000,15500000,15595000,14477500,14000000,22000000,0,0,0,331587.03,358425.41,336296.13,322712.12,333060.25,273647.41,0,0,0,"107Y3S"
65000,新北市,65000040,永和區,10652.22,3148.76,346.52,699.28,1748.49,2351.19,2131.05,22.54,204.38,11240000,22320000,10750000,11200000,12000000,9800000,9500000,8150000,19300000,432557.69,575311.86,545523.09,458758.54,429170.04,362608.97,377809.8,682813.42,749979.13,2397.06,283.02,454.12,948.19,625.23,86.51,0,0,0,18940000,23500000,25700000,20550000,14600000,16750000,0,0,0,424551.45,513286.76,470915.87,417386.85,389174.94,389803.13,0,0,0,"107Y3S"
65000,新北市,65000110,汐止區,29640.7,16378.15,1179.01,2146.03,5646.01,4026.28,207.33,0,57.88,9950000,13150000,9400000,7700000,7300000,6800000,5500000,0,8100000,334873.63,356373.14,338096.6,311162.,277513.94,237672.82,258698.34,0,283374.78,9408.69,769.6,1160.53,1826.04,5622.33,30.2,0,0,0,11580000,21750000,11580000,10000000,11800000,7720000,0,0,0,245272.68,260789.09,294405.79,248456.75,220041.39,255666.81,0,0,0,"107Y3S"
65000,新北市,65000270,金山區,1273.54,505.08,383.51,14.94,282.1,58.08,29.83,0,0,5100000,6700000,17880000,1880000,2865000,10800000,3000000,0,0,132617.2,176129.,288554.18,125807.21,113446.3,185960.1,100581.7,0,0,162.75,0,51.8,0,110.95,0,0,0,0,4865000,0,3330000,0,6850000,0,0,0,0,128563.67,0,128563.67,0,124695.11,0,0,0,0,"107Y3S"
65000,新北市,65000280,萬里區,614.66,0,0,29.32,320.36,249.85,15.12,0,0,1650000,0,0,1475000,2050000,1200000,2600000,0,0,107796.04,0,0,99051.55,124101.11,53650.83,171969.61,0,0,33.82,0,0,0,33.82,0,0,0,0,4200000,0,0,0,4200000,0,0,0,0,124199.82,0,0,0,124199.82,0,0,0,0,"107Y3S"
65000,新北市,65000130,土城區,14578.21,5073.68,351.93,596.57,4337.22,2548.81,819.17,0,850.83,9500000,17000000,7300000,9660000,9000000,7600000,9400000,0,7500000,337328.06,420347.18,290422.08,338138.79,322265.53,287967.65,324470.83,0,318360.,2950.46,704.29,388.77,874.,922.33,0,0,0,61.08,13720000,21600000,15360000,11690000,12000000,0,0,0,15270000,302658.29,409652.77,319997.04,249245.26,282741.58,0,0,0,250009.11,"107Y3S"
65000,新北市,65000010,板橋區,48091.78,31899.94,1815.38,2400.51,2600.39,2216.08,2562.85,7.29,4589.34,8470028,8190745,14575000,10750000,9500000,8400000,8425000,4700000,8080000,336598.47,182611.06,570073.14,439092.77,377211.25,323409.73,370867.8,644964.3,345193.18,36173.03,29726.59,1746.53,2276.61,2157.06,0,0,0,266.24,10100000,9781443,29420000,15300000,15700000,0,0,0,18600000,177303.87,176850.68,543877.63,383125.95,338187.74,0,0,0,334194.98,"107Y3S"
65000,新北市,65000230,八里區,3364.44,1926.94,194.18,463.56,720.,59.76,0,0,0,5480000,5950000,6000000,6080000,4750000,3600000,0,0,0,194885.7,199124.31,212294.88,214680.21,155990.39,120244.79,0,0,0,1171.28,244.4,178.75,358.3,389.84,0,0,0,0,7700000,11000000,14200000,8180000,6600000,0,0,0,0,192461.14,221425.02,188655.6,224671.38,151679.47,0,0,0,0,"107Y3S"
65000,新北市,65000210,三芝區,1609.8,56.66,0,0,1290.98,237.,0,25.16,0,1880000,8930000,0,0,1600000,3200000,0,7000000,0,92671.23,157620.06,0,0,92108.45,103998.62,0,278197.83,0,690.39,0,0,0,690.39,0,0,0,0,3400000,0,0,0,3400000,0,0,0,0,82342.7,0,0,0,82342.7,0,0,0,0,"107Y3S"
65000,新北市,65000220,石門區,107.1,0,0,0,19.97,70.44,16.69,0,0,1200000,0,0,0,1200000,11000000,1100000,0,0,65900.03,0,0,0,60105.18,156160.94,65900.03,0,0,0,0,0,0,0,0,0,0,0,0,0,0,0,0,0,0,0,0,0,0,0,0,0,0,0,0,0,"107Y3S"
65000,新北市,65000100,淡水區,34705.69,27393.21,1975.58,1741.74,2273.57,1065.1,256.49,0,0,6705000,7200000,6050000,4150000,3600000,4500000,5325000,0,0,225898.5,226490.45,249510.34,231934.72,192590.74,160772.32,237640.74,0,0,16414.24,8982.79,3940.51,1831.81,1659.13,0,0,0,0,9480000,9500000,10600000,8300000,7700000,0,0,0,0,194344.66,191620.64,213555.79,203296.1,165328.51,0,0,0,0,"107Y3S"
65000,新北市,65000190,石碇區,0,0,0,0,0,0,0,0,0,0,0,0,0,0,0,0,0,0,0,0,0,0,0,0,0,0,0,25.17,0,0,0,25.17,0,0,0,0,611964,0,0,0,611964,0,0,0,0,24312.24,0,0,0,24312.24,0,0,0,0,"107Y3S"
65000,新北市,65000290,烏來區,7.25,0,0,0,0,0,0,0,7.25,700000,0,0,0,0,0,0,0,700000,96539.41,0,0,0,0,0,0,0,96539.41,0,0,0,0,0,0,0,0,0,0,0,0,0,0,0,0,0,0,0,0,0,0,0,0,0,0,0,"107Y3S"
65000,新北市,65000180,深坑區,1236.55,0,14.02,140.75,797.4,193.13,0,0,91.25,8550000,0,5000000,10900000,8700000,9025000,0,0,4500000,254078.73,0,356534.2,169968.63,256483.38,268783.4,0,0,114387.03,1898.07,134.23,161.25,41.08,1561.51,0,0,0,0,12000000,18400000,11925000,12860000,10615000,0,0,0,0,241052.67,277603.19,273372.61,313074.58,230567.88,0,0,0,0,"107Y3S"
65000,新北市,65000060,新店區,23393.96,11275.57,1425.07,2172.74,2858.01,3672.71,1298.57,19.09,672.2,9300000,10160000,13700000,10500000,7500000,7940000,9500000,9000000,9880000,318807.17,319199.,458842.54,358969.76,282508.59,268713.56,354197.34,471506.59,391000.04,13096.24,2866.11,1590.83,3201.79,5143.47,125.82,110.33,0,57.9,13600000,17560000,21250000,13600000,8760000,22180000,25000000,0,26000000,300575.52,409280.67,389565.29,311509.47,182625.67,412683.01,226597.47,0,449061.72,"107Y3S"
65000,新北市,65000150,五股區,8578.82,5959.59,524.04,366.48,978.08,632.84,117.79,0,0,8650000,9750000,16800000,7900000,6000000,5335000,5365000,0,0,277705.92,288590.07,276862.73,237627.27,204164.39,186421.38,200177.35,0,0,2622.61,756.85,605.69,598.08,661.99,0,0,0,0,9150000,10250000,9550000,9200000,8000000,0,0,0,0,205784.6,258058.96,194653.94,202575.63,195921.89,0,0,0,0,"107Y3S"
65000,新北市,65000170,林口區,17460.98,14131.54,1225.95,1082.81,563.21,386.87,60.4,0,10.2,11050000,11480000,11550000,9300000,7350000,5000000,6650000,0,13100000,305005.02,312921.99,247430.64,271168.06,199637.62,179848.05,211063.43,0,1284656.93,21595.84,8186.67,6435.96,4718.23,2254.97,0,0,0,0,13360000,15300000,13780000,11500000,8875000,0,0,0,0,251822.61,295206.57,236155.16,233935.2,204820.35,0,0,0,0,"107Y3S"
65000,新北市,65000160,泰山區,1918.97,280.,126.44,431.09,477.29,454.36,87.43,62.37,0,6860000,11275000,7500000,7650000,6090000,6000000,5500000,26500000,0,266362.26,333761.28,320369.41,272231.48,211758.01,223608.26,258889.62,849775.01,0,2233.69,855.96,127.72,857.05,392.97,0,0,0,0,10680000,17500000,10300000,11300000,9600000,0,0,0,0,264350.02,333519.36,241949.74,269237.65,224667.38,0,0,0,0,"107Y3S"
65000,新北市,65000050,新莊區,32572.49,16555.52,2246.75,1973.12,4444.58,4871.54,2146.3,334.68,0,9990000,13430000,7700000,9000000,8040000,7000000,6965000,16800000,0,358648.51,433011.75,303801.65,316182.13,301626.25,262138.11,308129.87,458039.1,0,9283.08,1863.,2379.29,2482.04,2542.4,16.36,0,0,0,13417800,22380000,18100000,12190000,11280000,6600000,0,0,0,305369.9,346851.5,336285.76,298630.15,254651.83,403517.33,0,0,0,"107Y3S"
65000,新北市,65000260,貢寮區,194.07,0,0,0,70.66,0,0,0,123.41,700000,0,0,0,700000,0,0,0,667500,69801.21,0,0,0,78977.8,0,0,0,40821.,0,0,0,0,0,0,0,0,0,0,0,0,0,0,0,0,0,0,0,0,0,0,0,0,0,0,0,"107Y3S"
65000,新北市,65000120,瑞芳區,1169.96,139.24,0,65.16,301.05,35.89,0,27.73,600.89,2450000,6930000,0,5300000,3040000,3300000,0,151699,2300000,83043.95,173199.45,0,140699.45,97965.44,91951.2,0,5469.94,77089.18,43.29,0,0,0,43.29,0,0,0,0,5260000,0,0,0,5260000,0,0,0,0,121503.95,0,0,0,121503.95,0,0,0,0,"107Y3S"
65000,新北市,65000250,雙溪區,150.3,0,0,0,26.22,0,45.3,0,78.78,1316930,0,0,0,4050000,0,3600000,0,1100000,46364.45,0,0,0,154440.3,0,79476.6,0,38430.42,0,0,0,0,0,0,0,0,0,0,0,0,0,0,0,0,0,0,0,0,0,0,0,0,0,0,0,"107Y3S"
65000,新北市,65000090,三峽區,4285.59,642.97,551.51,964.42,1364.16,166.15,0,0,596.37,5580000,17495000,9300000,7700000,4900000,2920594,0,0,5200000,231754.24,270480.29,304961.73,257504.92,202128.87,17577.61,0,0,187964.39,5974.88,1282.72,2173.04,1969.07,550.05,0,0,0,0,11250000,11180000,15000000,10730000,6850000,0,0,0,0,238041.38,233610.24,272406.32,234787.4,169190.23,0,0,0,0,"107Y3S"
65000,新北市,65000070,樹林區,7423.72,1343.82,1401.06,682.75,1940.42,851.42,215.62,0,988.63,8600000,13765000,12880000,11230000,7300000,7580000,6000000,0,12000000,278464.9,323948.86,297560.33,249728.81,246030.47,250827.48,219313.48,0,353741.58,5527.46,638.87,2430.76,1785.34,672.49,0,0,0,0,12425000,14350000,14800000,11750000,10825000,0,0,0,0,249127.52,264541.19,270917.72,237244.51,225351.11,0,0,0,0,"107Y3S"
65000,新北市,65000080,鶯歌區,7837.89,4532.14,324.86,195.84,1304.39,278.4,25.88,0,1176.39,6650000,6900000,10095000,7075000,5200000,4500000,15500000,0,3800000,199341.29,206811.2,240184.21,207435.52,153028.54,176184.33,599014.14,0,137103.36,1885.51,587.92,130.46,636.75,530.37,0,0,0,0,7250000,11610000,7000000,10815000,5675000,0,0,0,0,166203.14,212514.76,161435.44,174594.39,150693.98,0,0,0,0,"107Y3S"
10014,臺東縣,10014100,大武鄉,40.73,0,0,40.73,0,0,0,0,0,2500000,0,0,2500000,0,0,0,0,0,61381.93,0,0,61381.93,0,0,0,0,0,0,0,0,0,0,0,0,0,0,0,0,0,0,0,0,0,0,0,0,0,0,0,0,0,0,0,0,"107Y3S"
10014,臺東縣,10014090,太麻里鄉,245.94,0,0,0,175.95,38.58,31.41,0,0,650000,0,0,0,600000,3700000,1850000,0,0,54041.33,0,0,0,52737.86,95902.5,58906.79,0,0,0,0,0,0,0,0,0,0,0,0,0,0,0,0,0,0,0,0,0,0,0,0,0,0,0,0,0,"107Y3S"
10014,臺東縣,10014020,成功鎮,281.73,0,0,0,81.22,161.27,12.07,27.16,0,2300000,0,0,0,3125000,2200000,1100000,8500000,0,81773.56,0,0,0,79265.78,65911.97,91136.93,312978.1,0,0,0,0,0,0,0,0,0,0,0,0,0,0,0,0,0,0,0,0,0,0,0,0,0,0,0,0,"107Y3S"
10014,臺東縣,10014080,長濱鄉,153.62,0,0,0,153.62,0,0,0,0,6440000,0,0,0,6440000,0,0,0,0,99837.66,0,0,0,99837.66,0,0,0,0,0,0,0,0,0,0,0,0,0,0,0,0,0,0,0,0,0,0,0,0,0,0,0,0,0,0,0,"107Y3S"
10014,臺東縣,10014040,卑南鄉,853.27,0,0,179.5,435.91,227.04,10.82,0,0,3300000,0,0,4700000,3900000,2550000,1200000,0,0,72457.15,0,0,71558.48,104824.82,69512.26,110932.39,0,0,0,0,0,0,0,0,0,0,0,0,0,0,0,0,0,0,0,0,0,0,0,0,0,0,0,0,0,"107Y3S"
10014,臺東縣,10014010,臺東市,11283.37,4368.88,365.03,661.34,3064.06,2135.8,491.17,44.97,152.13,4340000,8900000,9725000,8940000,3775000,5200000,3500000,3860000,3250000,136437.62,143447.55,168979.79,125209.41,115471.97,147645.61,162594.08,178415.47,153155.66,1124.81,1124.81,0,0,0,0,0,0,0,5430000,5430000,0,0,0,0,0,0,0,122351.23,122351.23,0,0,0,0,0,0,0,"107Y3S"
10014,臺東縣,10014060,池上鄉,271.,69.75,0,0,131.78,69.48,0,0,0,5225000,11600000,0,0,5000000,4975000,0,0,0,120009.17,166299.96,0,0,98427.58,143829.63,0,0,0,0,0,0,0,0,0,0,0,0,0,0,0,0,0,0,0,0,0,0,0,0,0,0,0,0,0,0,"107Y3S"
10014,臺東縣,10014050,鹿野鄉,56.74,0,0,0,56.74,0,0,0,0,3000000,0,0,0,3000000,0,0,0,0,52870.,0,0,0,52870.,0,0,0,0,0,0,0,0,0,0,0,0,0,0,0,0,0,0,0,0,0,0,0,0,0,0,0,0,0,0,0,"107Y3S"
10014,臺東縣,10014030,關山鎮,74.36,0,52.13,0,0,22.23,0,0,0,8650000,0,14500000,0,0,2800000,0,0,0,202051.26,0,278167.85,0,0,125934.67,0,0,0,0,0,0,0,0,0,0,0,0,0,0,0,0,0,0,0,0,0,0,0,0,0,0,0,0,0,0,"107Y3S"
67000,臺南市,67000350,安南區,21542.27,13439.99,1624.9,2284.47,2256.36,1790.01,134.91,11.63,0,6880000,7800000,9500000,6180000,5800000,3025000,3950000,3478735,0,146533.03,152936.23,183196.18,121319.58,114446.43,120089.58,155696.8,299010.67,0,841.28,48.33,0,37.22,755.73,0,0,0,0,3875000,6520000,0,5800000,3525000,0,0,0,0,94045.89,134896.23,0,155844.54,93690.96,0,0,0,0,"107Y3S"
67000,臺南市,67000320,東區,20791.3,11218.32,307.2,2205.25,2413.57,3308.72,1183.36,154.87,0,4858600,4959823,17100000,7000000,3050000,3850000,5300000,2750000,0,107938.5,105367.07,227197.11,192509.16,118548.65,123448.38,207563.81,178668.42,0,8112.54,3822.48,690.51,1074.35,2500.22,0,24.99,0,0,7000000,8050000,8700000,6650000,4800000,0,5800000,0,0,165179.95,172224.32,189709.91,161458.28,136982.71,0,232125.35,0,0,"107Y3S"
67000,臺南市,67000330,南區,9917.27,4473.79,55.76,241.89,1430.18,2991.95,690.99,32.71,0,5760000,8440000,10300000,4750000,4200000,3000000,6150000,17150000,0,165617.34,209854.86,184720.81,135454.53,109968.83,99198.66,181959.05,524266.83,0,3288.59,2693.29,0,268.27,327.03,0,0,0,0,5910000,6280000,0,4500000,4065000,0,0,0,0,147324.14,151763.18,0,107773.91,104739.03,0,0,0,0,"107Y3S"
67000,臺南市,67000370,中西區,11399.13,6365.81,135.34,1014.55,1250.17,1260.19,600.36,519.28,253.42,5980000,6320000,35000000,8000000,1600000,3000000,3687500,7500000,7150000,168952.14,171732.74,258610.82,176857.25,110949.31,98709.62,117799.79,266201.34,362345.47,2588.24,1032.88,209.01,648.08,698.28,0,0,0,0,10300000,18600000,14400000,5700000,7000000,0,0,0,0,161752.,219212.43,155796.89,123960.74,109355.6,0,0,0,0,"107Y3S"
67000,臺南市,67000340,北區,16993.31,9682.67,930.6,1967.28,1786.53,1398.36,1005.17,209.15,13.55,8150000,13560000,15500000,4300000,3920000,2000000,5300000,4600000,3100000,202170.91,234897.43,212925.05,168806.05,134415.66,92946.16,189503.61,199897.23,228748.52,5192.67,2221.64,513.66,1570.55,826.69,60.13,0,0,0,6500000,7590000,6360000,6000000,4300000,4620000,0,0,0,144231.84,156792.39,197863.74,137693.24,115184.15,76832.31,0,0,0,"107Y3S"
67000,臺南市,67000360,安平區,9580.16,4488.85,441.28,1349.79,3056.69,210.52,33.02,0,0,4965000,6130000,25500000,6000000,3700000,5150000,1011600,0,0,133365.06,169496.14,244763.76,153632.97,110647.88,159596.15,51209.56,0,0,6106.52,2528.65,64.76,1421.96,2091.15,0,0,0,0,5400000,16500000,10300000,6050000,4715000,0,0,0,0,126205.11,183105.81,159058.19,134365.9,109913.75,0,0,0,0,"107Y3S"
67000,臺南市,67000310,永康區,24309.74,7497.42,965.08,3031.07,9859.22,2774.49,171.06,11.4,0,5500000,10430000,10300000,6150000,3500000,4500000,5660000,850000,0,146070.55,189815.89,185189.25,154878.61,109351.98,153188.1,215319.34,74573.18,0,8241.32,2637.3,499.56,1207.6,3896.86,0,0,0,0,5000000,7600000,8290000,4550000,4300000,0,0,0,0,117774.58,168987.74,157400.1,118202.54,103362.31,0,0,0,0,"107Y3S"
67000,臺南市,67000230,玉井區,480.07,72.01,0,34.79,311.31,61.96,0,0,0,2880000,8300000,0,23646560,2880000,1540000,0,0,0,72619.62,115261.57,0,679743.01,70583.65,49399.43,0,0,0,0,0,0,0,0,0,0,0,0,0,0,0,0,0,0,0,0,0,0,0,0,0,0,0,0,0,0,"107Y3S"
67000,臺南市,67000250,南化區,48.85,0,0,0,48.85,0,0,0,0,2470000,0,0,0,2470000,0,0,0,0,50562.2,0,0,0,50562.2,0,0,0,0,0,0,0,0,0,0,0,0,0,0,0,0,0,0,0,0,0,0,0,0,0,0,0,0,0,0,0,"107Y3S"
67000,臺南市,67000240,楠西區,274.4,259.78,0,0,14.63,0,0,0,0,5600000,5600000,0,0,2150000,0,0,0,0,108888.74,107925.13,0,0,146999.75,0,0,0,0,0,0,0,0,0,0,0,0,0,0,0,0,0,0,0,0,0,0,0,0,0,0,0,0,0,0,0,"107Y3S"
67000,臺南市,67000030,白河區,1037.45,110.11,0,52.12,665.75,71.44,11.53,114.5,12.,4150000,8690000,0,2300000,5200000,2325000,731850,7800000,1860000,91988.37,157024.22,0,44125.74,91957.18,60239.,63483.04,254667.89,154997.74,0,0,0,0,0,0,0,0,0,0,0,0,0,0,0,0,0,0,0,0,0,0,0,0,0,0,0,"107Y3S"
67000,臺南市,67000060,東山區,1020.01,414.66,0,409.94,195.4,0,0,0,0,6200000,6240000,0,9000000,3625000,0,0,0,0,120499.8,122311.82,0,65921.05,76721.08,0,0,0,0,0,0,0,0,0,0,0,0,0,0,0,0,0,0,0,0,0,0,0,0,0,0,0,0,0,0,0,"107Y3S"
67000,臺南市,67000050,後壁區,3379.84,2029.81,0,0,228.14,1065.03,56.86,0,0,10625000,22000000,0,0,2300000,10625000,1600000,0,0,68994.84,32515.29,0,0,63606.15,88573.03,54918.83,0,0,0,0,0,0,0,0,0,0,0,0,0,0,0,0,0,0,0,0,0,0,0,0,0,0,0,0,0,"107Y3S"
67000,臺南市,67000150,七股區,554.94,65.21,0,0,256.93,179.83,52.96,0,0,3000000,8000000,0,0,2875000,5550000,1500000,0,0,55833.35,122675.02,0,0,52877.12,69183.46,28323.97,0,0,0,0,0,0,0,0,0,0,0,0,0,0,0,0,0,0,0,0,0,0,0,0,0,0,0,0,0,"107Y3S"
67000,臺南市,67000140,西港區,2357.16,1255.62,0,562.76,320.25,218.54,0,0,0,5790000,6200000,0,10000000,3300000,3300000,0,0,0,114291.87,117323.37,0,72886.9,77356.88,85876.41,0,0,0,119.16,0,0,0,119.16,0,0,0,0,2950000,0,0,0,2950000,0,0,0,0,69528.94,0,0,0,69528.94,0,0,0,0,"107Y3S"
67000,臺南市,67000120,佳里區,4678.93,2197.51,256.61,306.84,1353.05,304.74,260.18,0,0,6760000,8150000,8490000,4250000,4575000,3725000,2800000,0,0,118420.9,144549.82,147699.81,72409.35,84480.48,89788.72,109056.83,0,0,142.3,0,0,88.31,53.99,0,0,0,0,3300000,0,0,2825000,3500000,0,0,0,0,64830.21,0,0,63951.68,64830.21,0,0,0,0,"107Y3S"
67000,臺南市,67000160,將軍區,1628.65,964.94,0,0,549.91,113.81,0,0,0,1580400,6075000,0,0,1117856,1120000,0,0,0,34706.41,99680.,0,0,28459.27,30870.14,0,0,0,0,0,0,0,0,0,0,0,0,0,0,0,0,0,0,0,0,0,0,0,0,0,0,0,0,0,0,"107Y3S"
67000,臺南市,67000130,學甲區,6708.85,334.93,0,82.73,5893.88,379.17,0,18.13,0,3000000,312924,0,8000000,4300000,3085000,0,800000,0,55877.5,28393.69,0,96699.26,91996.86,58492.15,0,44128.62,0,86.57,0,0,0,86.57,0,0,0,0,366666,0,0,0,366666,0,0,0,0,31945.56,0,0,0,31945.56,0,0,0,0,"107Y3S"
67000,臺南市,67000080,下營區,511.46,199.48,0,0,106.1,205.88,0,0,0,2600000,8100000,0,0,2355000,1800000,0,0,0,62314.52,117504.21,0,0,42512.53,55584.95,0,0,0,0,0,0,0,0,0,0,0,0,0,0,0,0,0,0,0,0,0,0,0,0,0,0,0,0,0,0,"107Y3S"
67000,臺南市,67000110,大內區,72.55,0,0,0,40.73,31.82,0,0,0,2180000,0,0,0,2810000,1550000,0,0,0,58852.41,0,0,0,68993.29,48711.54,0,0,0,0,0,0,0,0,0,0,0,0,0,0,0,0,0,0,0,0,0,0,0,0,0,0,0,0,0,0,"107Y3S"
67000,臺南市,67000090,六甲區,1460.34,1107.84,0,0,217.62,134.88,0,0,0,7700000,7700000,0,0,3500000,2500000,0,0,0,129210.43,141918.74,0,0,60070.23,68990.3,0,0,0,0,0,0,0,0,0,0,0,0,0,0,0,0,0,0,0,0,0,0,0,0,0,0,0,0,0,0,"107Y3S"
67000,臺南市,67000100,官田區,3194.09,217.48,57.,2550.4,149.05,206.7,0,0,13.46,4090000,6650000,6880000,230000000,2950000,2500000,0,0,1000000,95590.91,122312.42,120708.,90181.98,87527.51,82208.92,0,0,74287.31,903.81,903.81,0,0,0,0,0,0,0,5200000,5200000,0,0,0,0,0,0,0,110741.56,110741.56,0,0,0,0,0,0,0,"107Y3S"
67000,臺南市,67000070,麻豆區,4129.78,2308.87,0,315.89,1051.02,241.19,31.34,0,181.47,6380000,6550000,0,8200000,5025000,4000000,2100000,0,5415000,127398.88,129298.97,0,114310.62,80071.35,122171.05,67009.16,0,335826.59,32.78,0,0,0,32.78,0,0,0,0,2500000,0,0,0,2500000,0,0,0,0,76254.5,0,0,0,76254.5,0,0,0,0,"107Y3S"
67000,臺南市,67000220,山上區,5983.02,364.46,0,0,5603.52,0,0,15.04,0,8500000,6280000,0,0,61600000,0,0,3980000,0,122972.75,126482.56,0,0,105516.07,0,0,264622.38,0,0,0,0,0,0,0,0,0,0,0,0,0,0,0,0,0,0,0,0,0,0,0,0,0,0,0,0,"107Y3S"
67000,臺南市,67000260,左鎮區,50.13,0,0,0,50.13,0,0,0,0,2300000,0,0,0,2300000,0,0,0,0,45880.44,0,0,0,45880.44,0,0,0,0,0,0,0,0,0,0,0,0,0,0,0,0,0,0,0,0,0,0,0,0,0,0,0,0,0,0,0,"107Y3S"
67000,臺南市,67000210,安定區,2402.81,1508.5,0,299.79,415.44,147.64,31.44,0,0,7075000,7300000,0,6700000,8550000,3500000,1300000,0,0,129064.5,140173.25,0,113179.52,109587.41,127058.7,41342.19,0,0,0,0,0,0,0,0,0,0,0,0,0,0,0,0,0,0,0,0,0,0,0,0,0,0,0,0,0,"107Y3S"
67000,臺南市,67000190,善化區,4312.38,2653.52,307.6,471.64,653.31,128.4,33.82,64.08,0,7850000,8200000,8675000,9200000,4050000,2500000,2900000,555895,0,152328.45,161497.99,160115.03,138103.65,92695.05,91903.,85741.68,21705.6,0,1436.97,1209.53,0,120.5,106.94,0,0,0,0,13975000,14100000,0,5000000,7750000,0,0,0,0,211153.61,213843.02,0,137812.06,128351.91,0,0,0,0,"107Y3S"
67000,臺南市,67000180,新化區,1691.09,313.5,0,0,1072.04,227.41,23.92,22.36,31.87,3800000,8030000,0,0,2500000,4200000,2680000,12000000,3500000,95903.25,163345.63,0,0,86373.64,114147.96,112060.51,536653.43,109837.17,116.68,0,0,0,116.68,0,0,0,0,3300000,0,0,0,3300000,0,0,0,0,79779.81,0,0,0,79779.81,0,0,0,0,"107Y3S"
67000,臺南市,67000200,新市區,4761.76,4031.33,0,94.02,541.54,66.03,28.84,0,0,9025000,9050000,0,11000000,4090000,6350000,4500000,0,0,157642.3,157750.33,0,116996.35,98084.03,194158.26,156031.39,0,0,652.11,480.22,0,0,171.89,0,0,0,0,4300000,4300000,0,0,3750000,0,0,0,0,146966.2,148526.93,0,0,85508.11,0,0,0,0,"107Y3S"
67000,臺南市,67000270,仁德區,13878.45,10403.92,230.05,1360.71,1272.1,482.55,98.19,18.72,12.19,7000000,9000000,9500000,7000000,3050000,4450000,3900000,6100000,3406000,152305.51,176061.1,159500.85,141157.54,99517.25,129531.01,165704.26,648531.01,279392.16,662.83,92.76,278.1,94.98,196.99,0,0,0,0,4150000,5300000,5075000,5140000,3700000,0,0,0,0,98318.61,124184.63,97639.52,104079.54,98318.61,0,0,0,0,"107Y3S"
67000,臺南市,67000280,歸仁區,5267.08,1151.25,49.52,509.4,1565.05,1835.58,133.55,22.72,0,4700000,11255000,6500000,8600000,3150000,3100000,3700000,3100000,0,134263.67,172316.34,131254.07,134263.67,92997.74,110743.32,143938.39,136439.01,0,357.56,0,0,38.59,318.97,0,0,0,0,3100000,0,0,3300000,3050000,0,0,0,0,66335.3,0,0,85514.55,64225.38,0,0,0,0,"107Y3S"
67000,臺南市,67000290,關廟區,3277.11,2627.44,0,3.38,331.55,286.37,28.37,0,0,7900000,7950000,0,6950000,4000000,6600000,9800000,0,0,141583.72,144223.79,0,2053190.94,79981.25,86231.1,345491.03,0,0,78.28,0,0,0,78.28,0,0,0,0,2775000,0,0,0,2775000,0,0,0,0,71124.75,0,0,0,71124.75,0,0,0,0,"107Y3S"
67000,臺南市,67000040,柳營區,1198.94,1068.79,0,0,130.15,0,0,0,0,6650000,6650000,0,0,5590000,0,0,0,0,131038.76,131948.13,0,0,78783.14,0,0,0,0,0,0,0,0,0,0,0,0,0,0,0,0,0,0,0,0,0,0,0,0,0,0,0,0,0,0,0,"107Y3S"
67000,臺南市,67000010,新營區,6152.18,2650.95,65.56,1094.52,1363.57,699.61,156.7,0,121.28,4975000,10125000,8800000,7330000,3020000,3000000,3660000,0,2780000,119371.48,150770.28,134220.31,126457.54,87298.63,69363.68,125333.07,0,90254.15,584.77,0,0,188.77,396.,0,0,0,0,3600000,0,0,6500000,3500000,0,0,0,0,78121.49,0,0,96821.54,77413.68,0,0,0,0,"107Y3S"
67000,臺南市,67000020,鹽水區,1515.33,119.46,0,0,1097.52,145.94,31.11,0,121.3,3500000,6950000,0,0,3110000,3400000,1700000,0,11179025,80237.5,106128.84,0,0,61078.64,88963.68,54646.39,0,200008.9,0,0,0,0,0,0,0,0,0,0,0,0,0,0,0,0,0,0,0,0,0,0,0,0,0,0,0,"107Y3S"
10016,澎湖縣,10016060,七美鄉,102.84,0,0,0,0,102.84,0,0,0,5000000,0,0,0,0,5000000,0,0,0,48617.35,0,0,0,0,48617.35,0,0,0,0,0,0,0,0,0,0,0,0,0,0,0,0,0,0,0,0,0,0,0,0,0,0,0,0,0,0,"107Y3S"
10016,澎湖縣,10016030,白沙鄉,47.75,0,0,0,0,0,0,16.25,31.5,705000,0,0,0,0,0,0,500000,910000,29829.09,0,0,0,0,0,0,30768.66,28889.51,0,0,0,0,0,0,0,0,0,0,0,0,0,0,0,0,0,0,0,0,0,0,0,0,0,0,0,"107Y3S"
10016,澎湖縣,10016040,西嶼鄉,19.31,0,0,0,0,0,0,19.31,0,376000,0,0,0,0,0,0,376000,0,19476.26,0,0,0,0,0,0,19476.26,0,0,0,0,0,0,0,0,0,0,0,0,0,0,0,0,0,0,0,0,0,0,0,0,0,0,0,0,"107Y3S"
10016,澎湖縣,10016010,馬公市,3693.5,2566.1,54.41,168.49,471.55,324.3,43.18,34.68,30.79,4000000,4000000,12000000,5425000,4895000,3500000,7000000,1905000,17000000,211266.02,217450.1,220532.7,131981.12,128274.79,140427.74,334978.91,362060.22,552155.11,187.21,0,0,52.5,134.71,0,0,0,0,4950000,0,0,4680000,5000000,0,0,0,0,113995.67,0,0,89144.77,120318.07,0,0,0,0,"107Y3S"
10016,澎湖縣,10016050,望安鄉,6.54,0,0,0,0,0,0,3.85,2.69,320000,0,0,0,0,0,0,450000,190000,93749.12,0,0,0,0,0,0,116766.35,70731.89,0,0,0,0,0,0,0,0,0,0,0,0,0,0,0,0,0,0,0,0,0,0,0,0,0,0,0,"107Y3S"
10016,澎湖縣,10016020,湖西鄉,171.61,95.93,0,63.3,0,12.38,0,0,0,4300000,9500000,0,4300000,0,1080000,0,0,0,87249.46,99025.54,0,67932.5,0,87249.46,0,0,0,0,0,0,0,0,0,0,0,0,0,0,0,0,0,0,0,0,0,0,0,0,0,0,0,0,0,0,"107Y3S"
